"","term","num"
"1","redskins",1608
"2","cowboys",661
"3","nfl",433
"4","game",268
"5","dallas",237
"6","sunday",232
"7","win",209
"8","night",172
"9","week",160
"10","eagles",153
"11","nfc",146
"12","next",145
"13","httr",139
"14","east",134
"15","washington",128
"16","playoffs",118
"17","playoff",111
"18","beat",107
"19","will",96
"20","seahawks",92
"21","time",86
"22","rgiii",85
"23","make",80
"24","title",79
"25","dallascowboys",77
"26","cowboysredskins",76
"27","giants",71
"28","fan",70
"29","flexed",70
"30","football",67
"31","now",66
"32","get",64
"33","ers",59
"34","face",58
"35","ready",58
"36","picture",57
"37","already",56
"38","moved",56
"39","happy",55
"40","division",54
"41","christmas",53
"42","just",53
"43","like",53
"44","likely",53
"45","lose",52
"46","wilson",52
"47","iii",49
"48","espnfirsttake",48
"49","loss",48
"50","going",47
"51","prime",46
"52","dreams",45
"53","fans",44
"54","imagine",44
"55","new",44
"56","saints",44
"57","still",44
"58","can",43
"59","espn",43
"60","holidays",43
"61","need",43
"62","wildest",43
"63","skins",42
"64","team",42
"65","good",41
"66","sportscenter",40
"67","got",39
"68","packers",39
"69","one",38
"70","russell",38
"71","see",37
"72","bears",36
"73","lol",36
"74","play",35
"75","right",35
"76","want",35
"77","day",34
"78","hail",34
"79","leads",34
"80","gonna",33
"81","griffin",33
"82","last",33
"83","nbc",31
"84","winning",31
"85","better",30
"86","season",30
"87","year",30
"88","luck",29
"89","robert",29
"90","vikings",29
"91","philadelphia",28
"92","returns",28
"93","romo",28
"94","sports",28
"95","won",28
"96","games",27
"97","know",27
"98","morning",27
"99","take",27
"100","love",26
"101","way",26
"102","home",25
"103","cowboysnation",24
"104","defense",24
"105","merry",24
"106","think",24
"107","gotta",23
"108","great",23
"109","record",23
"110","rookie",23
"111","lions",22
"112","santa",22
"113","watch",22
"114","yesterday",22
"115","lowly",21
"116","orleans",21
"117","outlast",21
"118","primetime",21
"119","sound",21
"120","winner",21
"121","wins",21
"122","believe",20
"123","cowboyswashington",20
"124","lost",20
"125","flexes",19
"126","music",19
"127","tho",19
"128","today",19
"129","via",19
"130","back",18
"131","big",18
"132","redskinscowboys",18
"133","snf",18
"134","start",18
"135","turn",18
"136","give",17
"137","hold",17
"138","hope",17
"139","lets",17
"140","playing",17
"141","straight",17
"142","teams",17
"143","tracker",17
"144","wait",17
"145","breaking",16
"146","fuck",16
"147","never",16
"148","news",16
"149","said",16
"150","shit",16
"151","twitnewsnow",16
"152","blog",15
"153","close",15
"154","morris",15
"155","really",15
"156","redskinsnation",15
"157","sets",15
"158","tony",15
"159","weekend",15
"160","best",14
"161","colts",14
"162","come",14
"163","dec",14
"164","even",14
"165","hcp",14
"166","man",14
"167","monday",14
"168","ravens",14
"169","real",14
"170","super",14
"171","yes",14
"172","also",13
"173","beatdallas",13
"174","december",13
"175","eve",13
"176","finally",13
"177","first",13
"178","lead",13
"179","made",13
"180","redskinstalk",13
"181","report",13
"182","scenarios",13
"183","showdown",13
"184","though",13
"185","tickets",13
"186","bowl",12
"187","bruno",12
"188","look",12
"189","moss",12
"190","much",12
"191","packersvikings",12
"192","steelers",12
"193","thanks",12
"194","victory",12
"195","video",12
"196","witten",12
"197","crazy",11
"198","espnnfl",11
"199","hate",11
"200","lizzslockeroom",11
"201","party",11
"202","pass",11
"203","post",11
"204","recap",11
"205","since",11
"206","spot",11
"207","takes",11
"208","yards",11
"209","associated",10
"210","baby",10
"211","bad",10
"212","bleacher",10
"213","bout",10
"214","broncos",10
"215","card",10
"216","coming",10
"217","else",10
"218","every",10
"219","falcons",10
"220","fedex",10
"221","feel",10
"222","final",10
"223","gets",10
"224","getting",10
"225","gone",10
"226","hot",10
"227","jason",10
"228","let",10
"229","line",10
"230","long",10
"231","matchup",10
"232","moves",10
"233","must",10
"234","offense",10
"235","pick",10
"236","press",10
"237","roy",10
"238","shifts",10
"239","short",10
"240","talking",10
"241","tell",10
"242","top",10
"243","weeks",10
"244","well",10
"245","‚Üì",9
"246","alive",9
"247","bengals",9
"248","boys",9
"249","clinch",9
"250","cowboy",9
"251","dal",9
"252","dezbryant",9
"253","due",9
"254","espnradio",9
"255","everyone",9
"256","excited",9
"257","following",9
"258","google",9
"259","holiday",9
"260","house",9
"261","johnkeim",9
"262","knicks",9
"263","late",9
"264","losses",9
"265","min",9
"266","philly",9
"267","players",9
"268","please",9
"269","say",9
"270","seattle",9
"271","smh",9
"272","superbowl",9
"273","texans",9
"274","thejadax",9
"275","thing",9
"276","trending",9
"277","watching",9
"278","xbox",9
"279","xmas",9
"280","yeah",9
"281","‚Äî",8
"282","afc",8
"283","alfred",8
"284","ass",8
"285","control",8
"286","cowboynation",8
"287","credit",8
"288","csnwashington",8
"289","damn",8
"290","despite",8
"291","ˇò",8
"292","fall",8
"293","gon",8
"294","hopes",8
"295","hoyas",8
"296","jaws",8
"297","jersey",8
"298","live",8
"299","looking",8
"300","making",8
"301","minnesota",8
"302","nfceast",8
"303","nothing",8
"304","patriots",8
"305","roundup",8
"306","show",8
"307","something",8
"308","sundays",8
"309","thought",8
"310","ticket",8
"311","tie",8
"312","two",8
"313","wale",8
"314","wild",8
"315","‚Äì",7
"316","always",7
"317","beast",7
"318","bed‚Äù",7
"319","breath",7
"320","brees",7
"321","came",7
"322","career",7
"323","catch",7
"324","catches",7
"325","cause",7
"326","chance",7
"327","chicago",7
"328","cincinnati",7
"329","clash",7
"330","coach",7
"331","cont",7
"332","crown",7
"333","dont",7
"334","early",7
"335","end",7
"336","everybody",7
"337","field",7
"338","giving",7
"339","goes",7
"340","guys",7
"341","hater",7
"342","historic",7
"343","icymi",7
"344","jerry",7
"345","jones",7
"346","keep",7
"347","lls",7
"348","means",7
"349","might",7
"350","nation",7
"351","observations",7
"352","place",7
"353","plus",7
"354","pretty",7
"355","question",7
"356","racist",7
"357","realskipbayless",7
"358","remember",7
"359","run",7
"360","snfonnbc",7
"361","snideremarks",7
"362","sparks",7
"363","stay",7
"364","step",7
"365","superskin",7
"366","thehogsdotnet",7
"367","times",7
"368","trend",7
"369","whether",7
"370","wolverines",7
"371","‚Äúthejadax",6
"372","actually",6
"373","adamschefter",6
"374","ago",6
"375","anybody",6
"376","asked",6
"377","bring",6
"378","called",6
"379","cant",6
"380","championship",6
"381","chi",6
"382","comes",6
"383","deserve",6
"384","done",6
"385","effective",6
"386","either",6
"387","ever",6
"388","everything",6
"389","finale",6
"390","foles",6
"391","folks",6
"392","followers",6
"393","gameday",6
"394","glad",6
"395","gmen",6
"396","green",6
"397","griffmas",6
"398","hard",6
"399","hell",6
"400","it‚Äôs",6
"401","los",6
"402","many",6
"403","money",6
"404","name",6
"405","network",6
"406","nyg",6
"407","online",6
"408","overtime",6
"409","perfect",6
"410","photo",6
"411","postsports",6
"412","prediction",6
"413","rally",6
"414","reach",6
"415","reason",6
"416","redskins‚Äù",6
"417","reid",6
"418","respect",6
"419","richeisen",6
"420","rivalry",6
"421","rooting",6
"422","script",6
"423","special",6
"424","starting",6
"425","stephen",6
"426","talk",6
"427","talks",6
"428","thank",6
"429","tommiecollins",6
"430","true",6
"431","tweet",6
"432","waking",6
"433","wants",6
"434","wash",6
"435","washingtonpost",6
"436","wearing",6
"437","wish",6
"438","world",6
"439","wrong",6
"440","yet",6
"441","‚Äò",5
"442","‚Äúespnfirsttake",5
"443","andrew",5
"444","another",5
"445","away",5
"446","battle",5
"447","bay",5
"448","beating",5
"449","bet",5
"450","bigben",5
"451","biggest",5
"452","broken",5
"453","bryanbroaddus",5
"454","calvinjohnson",5
"455","carol",5
"456","champs",5
"457","clear",5
"458","coverage",5
"459","cowboysbuzztap",5
"460","cowgirls",5
"461","decision",5
"462","deep",5
"463","dmv",5
"464","domingo",5
"465","eye",5
"466","far",5
"467","favorite",5
"468","forget",5
"469","forward",5
"470","fox",5
"471","fucks",5
"472","guy",5
"473","huge",5
"474","hurt",5
"475","including",5
"476","injuries",5
"477","injury",5
"478","kill",5
"479","life",5
"480","looks",5
"481","lot",5
"482","match",5
"483","nflstats",5
"484","nice",5
"485","number",5
"486","nygiants",5
"487","panthers",5
"488","para",5
"489","people",5
"490","point",5
"491","possible",5
"492","preview",5
"493","pull",5
"494","raptors",5
"495","rating",5
"496","receptions",5
"497","rgwoman",5
"498","round",5
"499","safe",5
"500","shines",5
"501","shows",5
"502","shut",5
"503","sick",5
"504","six",5
"505","smith",5
"506","someone",5
"507","stop",5
"508","streak",5
"509","suck",5
"510","support",5
"511","taking",5
"512","tds",5
"513","tight",5
"514","till",5
"515","toronto",5
"516","tough",5
"517","tweetsrest",5
"518","vikes",5
"519","washingtonredskins",5
"520","wear",5
"521","wewantdallas",5
"522","whole",5
"523","without",5
"524","wizards",5
"525","woke",5
"526","work",5
"527","yall",5
"528","yard",5
"529","ywqluyk",5
"530","‚òÖnew",4
"531","‚Äúboyscomedy",4
"532","‚Äúespnnfl",4
"533","‚Üë",4
"534","‚ùˇíõ",4
"535","absolutely",4
"536","action",4
"537","algaldi",4
"538","amazing",4
"539","americas",4
"540","anyone",4
"541","appreciate",4
"542","arm",4
"543","aside",4
"544","ball",4
"545","berth",4
"546","blow",4
"547","brady",4
"548","breaks",4
"549","bryant",4
"550","bunch",4
"551","business",4
"552","call",4
"553","cap",4
"554","care",4
"555","cblockd",4
"556","ccm",4
"557","champion",4
"558","change",4
"559","changed",4
"560","comeback",4
"561","con",4
"562","consecutive",4
"563","course",4
"564","cousins",4
"565","dallasweek",4
"566","dear",4
"567","dez",4
"568","difference",4
"569","drive",4
"570","earlier",4
"571","east‚Äù",4
"572","eli",4
"573","enough",4
"574","epic",4
"575","famil",4
"576","fantasyfootball",4
"577","feed",4
"578","find",4
"579","fletcher",4
"580","forbath",4
"581","gear",4
"582","given",4
"583","gives",4
"584","goin",4
"585","gold",4
"586","haha",4
"587","hailyeah",4
"588","happen",4
"589","hear",4
"590","heart",4
"591","hey",4
"592","homermcfanboy",4
"593","httpt",4
"594","httptcoagbsw",4
"595","httptcoupexft",4
"596","httptcowfvkeriw",4
"597","hunt",4
"598","insidenflmedia",4
"599","jets",4
"600","johnson",4
"601","kdtrey",4
"602","knegandhiespn",4
"603","little",4
"604","logo",4
"605","loser",4
"606","losing",4
"607","lucky",4
"608","mama",4
"609","manning",4
"610","mark",4
"611","miami",4
"612","mind",4
"613","missed",4
"614","move",4
"615","moving",4
"616","murray",4
"617","mvp",4
"618","nick",4
"619","niece",4
"620","niners",4
"621","offensive",4
"622","old",4
"623","omg",4
"624","part",4
"625","past",4
"626","peyton",4
"627","played",4
"628","poll",4
"629","problem",4
"630","profootballtalk",4
"631","proud",4
"632","put",4
"633","quarterback",4
"634","reading",4
"635","red",4
"636","redskin",4
"637","redskinsbuzztap",4
"638","redskinswatch",4
"639","regardless",4
"640","rodger",4
"641","rush",4
"642","santana",4
"643","says",4
"644","schedule",4
"645","second",4
"646","set",4
"647","shopping",4
"648","singleseason",4
"649","slot",4
"650","sold",4
"651","sorry",4
"652","sort",4
"653","spots",4
"654","stars",4
"655","station",4
"656","stats",4
"657","story",4
"658","stupid",4
"659","sucks",4
"660","sure",4
"661","tailgating",4
"662","takin",4
"663","ten",4
"664","thoughts",4
"665","throwing",4
"666","titans",4
"667","title‚Äîbring",4
"668","tomorrow",4
"669","trash",4
"670","twice",4
"671","update",4
"672","wake",4
"673","wildcard",4
"674","wonderful",4
"675","yahoo",4
"676","‚Äúlifeasbros",3
"677","accomplished",3
"678","agree",3
"679","aint",3
"680","akeeeeylaaaa",3
"681","almostraymond",3
"682","analysis",3
"683","announced",3
"684","anything",3
"685","appears",3
"686","ask",3
"687","atlanta",3
"688","balling",3
"689","baltimore",3
"690","bandwagon",3
"691","barry",3
"692","beatphilly",3
"693","bigdogbowden",3
"694","birds",3
"695","bleacherreport",3
"696","bow",3
"697","brought",3
"698","bruno‚Ä",3
"699","burgundy",3
"700","calls",3
"701","camp",3
"702","cantwait",3
"703","cardinals",3
"704","carroll",3
"705","champions",3
"706","chargers",3
"707","cheer",3
"708","cheerleader",3
"709","cheerleaders",3
"710","claim",3
"711","clique",3
"712","cofield",3
"713","common",3
"714","confirms",3
"715","cool",3
"716","corner",3
"717","counting",3
"718","crowd",3
"719","cuz",3
"720","daily",3
"721","dallass",3
"722","dalvswas",3
"723","dat",3
"724","days",3
"725","decide",3
"726","defensive",3
"727","demolish",3
"728","detroit",3
"729","dinobrown",3
"730","divisional",3
"731","dpshow",3
"732","drew",3
"733","dude",3
"734","dump",3
"735","ˇòÇ",3
"736","ˇòÅ",3
"737","ˇòˇò",3
"738","ˇëèˇëè",3
"739","ebid",3
"740","electric",3
"741","england",3
"742","examinersports",3
"743","expects",3
"744","falls",3
"745","fam",3
"746","family",3
"747","feeling",3
"748","festivus",3
"749","finish",3
"750","fire",3
"751","five",3
"752","flex",3
"753","follow",3
"754","found",3
"755","free",3
"756","friend",3
"757","funny",3
"758","gamehelmet",3
"759","garrett",3
"760","golden",3
"761","guess",3
"762","hailtotheredskins",3
"763","hanging",3
"764","hat",3
"765","head",3
"766","heard",3
"767","hehe",3
"768","help",3
"769","hero",3
"770","high",3
"771","hoo",3
"772","hoping",3
"773","http",3
"774","httptco",3
"775","httptcobtwowp",3
"776","hype",3
"777","i‚Äôm",3
"778","ill",3
"779","impact",3
"780","impressive",3
"781","indians",3
"782","insider",3
"783","jimmyjohnson",3
"784","job",3
"785","join",3
"786","keeps",3
"787","key",3
"788","kickoff",3
"789","kinda",3
"790","knew",3
"791","lastgasp",3
"792","least",3
"793","lie",3
"794","lights",3
"795","lil",3
"796","list",3
"797","loveangellexis",3
"798","lunch",3
"799","makes",3
"800","mara",3
"801","mars",3
"802","may",3
"803","maybe",3
"804","meaningless",3
"805","mission",3
"806","moments",3
"807","mondays",3
"808","national",3
"809","nationals",3
"810","needs",3
"811","neshanic",3
"812","nflrt",3
"813","noon",3
"814","nope",3
"815","nxt",3
"816","nycskinsfans",3
"817","open",3
"818","order",3
"819","pay",3
"820","per",3
"821","performance",3
"822","pete",3
"823","peterson",3
"824","photos",3
"825","pierregarcon",3
"826","plan",3
"827","player",3
"828","plays",3
"829","potential",3
"830","predictions",3
"831","predictor",3
"832","present",3
"833","probably",3
"834","proudfan",3
"835","prove",3
"836","proves",3
"837","pub",3
"838","pumped",3
"839","purpkobain",3
"840","purpleraiders",3
"841","quarter",3
"842","rams",3
"843","random",3
"844","records",3
"845","redskinnation",3
"846","redskinswoo",3
"847","replacing",3
"848","reprieve",3
"849","retweet",3
"850","revealed",3
"851","richcampbell",3
"852","richtandlercsn",3
"853","rickoharrison",3
"854","rob",3
"855","rushing",3
"856","saying",3
"857","school",3
"858","seems",3
"859","shown",3
"860","single",3
"861","sixth",3
"862","sky",3
"863","skysportsnfl",3
"864","snapbacks",3
"865","som",3
"866","sounds",3
"867","stand",3
"868","stands",3
"869","started",3
"870","starts",3
"871","stefonhenry",3
"872","str",3
"873","streaming",3
"874","strong",3
"875","sun",3
"876","survive",3
"877","suryaray",3
"878","switch",3
"879","syndrome",3
"880","talkin",3
"881","teamfollowback",3
"882","thats",3
"883","thejordanthmas",3
"884","thoughts‚Äô",3
"885","three",3
"886","throwback",3
"887","til",3
"888","tuned",3
"889","turnaround",3
"890","turned",3
"891","type",3
"892","unc",3
"893","used",3
"894","valuable",3
"895","victoria",3
"896","vote",3
"897","wagon",3
"898","wanted",3
"899","week‚",3
"900","weekwin",3
"901","weird",3
"902","went",3
"903","winnertakeall",3
"904","wit",3
"905","working",3
"906","woul",3
"907","yea",3
"908","years",3
"909","york",3
"910","youth",3
"911","zero",3
"912","‚Äú",2
"913","‚Äúmrbanker",2
"914","‚Äúredskins",2
"915","‚Äúredskinsbuzztap",2
"916","‚Äúwashington",2
"917","‚Äúzachmcelroy",2
"918","ability",2
"919","accounts",2
"920","accurate",2
"921","act",2
"922","acting",2
"923","actual",2
"924","adamcarriker",2
"925","adamronis",2
"926","added",2
"927","advance",2
"928","ahhh",2
"929","alfiebcc",2
"930","allthingsdc",2
"931","alone",2
"932","alot",2
"933","andy",2
"934","apretado",2
"935","april",2
"936","area",2
"937","argue",2
"938","arlington",2
"939","around",2
"940","art",2
"941","attack",2
"942","attend",2
"943","aunts",2
"944","automatically",2
"945","‚veedubbery",2
"946","awards",2
"947","aware",2
"948","awesome",2
"949","awww",2
"950","backwards",2
"951","bad‚Äù",2
"952","ballhyped",2
"953","band",2
"954","based",2
"955","beach",2
"956","beatin",2
"957","beats",2
"958","beauties",2
"959","beautiful",2
"960","beef",2
"961","behind",2
"962","bein",2
"963","bell",2
"964","bid",2
"965","biggame",2
"966","bigger",2
"967","bigmanpauly",2
"968","bills",2
"969","bish",2
"970","bkepps",2
"971","blame",2
"972","blanket",2
"973","blown",2
"974","bonniebernstein",2
"975","book",2
"976","bore",2
"977","bouda",2
"978","bought",2
"979","bowens",2
"980","boy",2
"981","boyfriend",2
"982","brace",2
"983","brandonjl",2
"984","brief",2
"985","brother",2
"986","build",2
"987","burgundywarpath",2
"988","burn",2
"989","buy",2
"990","cam",2
"991","cannonjw",2
"992","capitals",2
"993","caps",2
"994","capture",2
"995","carichampion",2
"996","carlsonsports",2
"997","carry",2
"998","cbssports",2
"999","champ",2
"1000","channels",2
"1001","chill",2
"1002","chris",2
"1003","church",2
"1004","city",2
"1005","class",2
"1006","classic",2
"1007","clean",2
"1008","cleveland",2
"1009","clowns",2
"1010","coaching",2
"1011","college",2
"1012","com",2
"1013","complete",2
"1014","conf",2
"1015","congrats",2
"1016","continue",2
"1017","contra",2
"1018","cooley",2
"1019","counted",2
"1020","couple",2
"1021","covering",2
"1022","cowbo",2
"1023","cowboysbnews",2
"1024","cowboysboys",2
"1025","cowboysdaily",2
"1026","cowboysvsredskins",2
"1027","cpoy",2
"1028","currently",2
"1029","curt",2
"1030","custom",2
"1031","cute",2
"1032","cutondime",2
"1033","dad",2
"1034","dailytweet",2
"1035","dangerous",2
"1036","dawg",2
"1037","dead",2
"1038","debating",2
"1039","decal",2
"1040","decent",2
"1041","def",2
"1042","definitely",2
"1043","delivering",2
"1044","demerits",2
"1045","denver",2
"1046","despacha",2
"1047","det",2
"1048","devision",2
"1049","dexter",2
"1050","dfb",2
"1051","dharris",2
"1052","didn‚Äôt",2
"1053","die",2
"1054","different",2
"1055","disappointing",2
"1056","disrespectful",2
"1057","divadrevia",2
"1058","doc",2
"1059","doe",2
"1060","dolphins",2
"1061","download",2
"1062","dream",2
"1063","duh",2
"1064","ˇòÇˇòÇ",2
"1065","ˇëûmsashuhlee",2
"1066","dying",2
"1067","ˇôè",2
"1068","earth",2
"1069","empty",2
"1070","enjoy",2
"1071","enrollment",2
"1072","era",2
"1073","errors",2
"1074","especially",2
"1075","espnnfceast",2
"1076","est„",2
"1077","estaugth",2
"1078","et‚Äù",2
"1079","events",2
"1080","ewwwwww",2
"1081","exactly",2
"1082","exclusive",2
"1083","expires",2
"1084","express",2
"1085","extravaganza",2
"1086","extremeskins",2
"1087","fact",2
"1088","fail",2
"1089","fan‚Äù",2
"1090","fed",2
"1091","feliz",2
"1092","fell",2
"1093","felt",2
"1094","film",2
"1095","fin",2
"1096","finishes",2
"1097","finishing",2
"1098","fkr",2
"1099","flat",2
"1100","flexing",2
"1101","foh",2
"1102","followed",2
"1103","forgot",2
"1104","former",2
"1105","franchise",2
"1106","frustrates",2
"1107","fuel",2
"1108","fun",2
"1109","future",2
"1110","gana",2
"1111","ganador",2
"1112","garcon",2
"1113","gas",2
"1114","gazjor",2
"1115","genuinely",2
"1116","ghost",2
"1117","gift",2
"1118","gloves",2
"1119","goals",2
"1120","goooood",2
"1121","gosh",2
"1122","greenbay",2
"1123","greggdoyelcbs",2
"1124","grids",2
"1125","grif",2
"1126","grinding",2
"1127","habr„",2
"1128","halftime",2
"1129","handpainted",2
"1130","hands",2
"1131","hangover",2
"1132","happens",2
"1133","harbaughs",2
"1134","hardballchris",2
"1135","harper",2
"1136","hated",2
"1137","healthy",2
"1138","heat",2
"1139","hechosam",2
"1140","held",2
"1141","hichenbergskins",2
"1142","hip",2
"1143","hogshaven",2
"1144","holdenradio",2
"1145","homefieldadvantage",2
"1146","hop",2
"1147","hosted",2
"1148","hosting",2
"1149","hour",2
"1150","hours",2
"1151","htt",2
"1152","httptcobjzjwyw",2
"1153","httptcobumqnlb",2
"1154","httptcocsotggd",2
"1155","httptcoeavprjpz",2
"1156","httptcofejuipc",2
"1157","httptcofjezfhp",2
"1158","httptcofokjaco",2
"1159","httptcofskxxtb",2
"1160","httptcofxtalm‚Äù",2
"1161","httptcohcaoio",2
"1162","httptcohumpn",2
"1163","httptcoidgya",2
"1164","httptcoiefdlvr",2
"1165","httptcojqroch",2
"1166","httptcokwotrh",2
"1167","httptcokxpkksn",2
"1168","httptcokygcal",2
"1169","httptcolwjjdlv",2
"1170","httptcompdran",2
"1171","httptcongevylc",2
"1172","httptconmbaxq",2
"1173","httptcoodtdd",2
"1174","httptcoowvbsm",2
"1175","httptcoqebmk",2
"1176","httptcorntzra",2
"1177","httptcorvgjqli",2
"1178","httptcotufnbjsf",2
"1179","httptcovpkhrcss",2
"1180","httptcowljeadyp",2
"1181","httptcoxinbrd",2
"1182","httptcoxviyxajd",2
"1183","httptcoysrhzh",2
"1184","humiliating",2
"1185","hyped",2
"1186","idk",2
"1187","ima",2
"1188","imma",2
"1189","indiannapolis",2
"1190","inopportune",2
"1191","inspiring",2
"1192","insr",2
"1193","instead",2
"1194","interceptions",2
"1195","interesting",2
"1196","iseeyouson",2
"1197","itzwoodz",2
"1198","jakeballagh",2
"1199","jakerussell",2
"1200","jaworski",2
"1201","jdefilippis",2
"1202","jesus",2
"1203","jim",2
"1204","jjtespndallas",2
"1205","joelmadden",2
"1206","joining",2
"1207","jonpereza",2
"1208","jst",2
"1209","jwuaxbk",2
"1210","kai",2
"1211","kansas",2
"1212","kick",2
"1213","kids",2
"1214","killing",2
"1215","kirk",2
"1216","knee",2
"1217","knock",2
"1218","kst",2
"1219","laughin",2
"1220","leading",2
"1221","league",2
"1222","learnanewoffense",2
"1223","leg",2
"1224","less",2
"1225","letitfly",2
"1226","letsgoboys",2
"1227","likes",2
"1228","linc",2
"1229","link",2
"1230","links",2
"1231","living",2
"1232","lmaoo",2
"1233","lock",2
"1234","locked",2
"1235","locker",2
"1236","logjam",2
"1237","london",2
"1238","loopybloggernyc",2
"1239","loses",2
"1240","lostlol",2
"1241","lots",2
"1242","loving",2
"1243","low",2
"1244","lunchablesnweed",2
"1245","mad",2
"1246","madden",2
"1247","magnitude",2
"1248","mainly",2
"1249","makin",2
"1250","mattered",2
"1251","maximum",2
"1252","mayans",2
"1253","mean",2
"1254","meaningful",2
"1255","meant",2
"1256","mention",2
"1257","merrychristmas",2
"1258","met",2
"1259","metro",2
"1260","michaelvonw",2
"1261","minute",2
"1262","moclaiborne",2
"1263","moment",2
"1264","months",2
"1265","morgan",2
"1266","morgantownmikey",2
"1267","morningjoe",2
"1268","mrdcsports",2
"1269","mrhugo",2
"1270","mspfnt",2
"1271","muy",2
"1272","myfoxdc",2
"1273","nacional",2
"1274","nah",2
"1275","nats",2
"1276","nattybo",2
"1277","naughty",2
"1278","navidad",2
"1279","naw",2
"1280","nbd",2
"1281","necessary",2
"1282","neworleanssaints",2
"1283","newtown",2
"1284","nfceastmath",2
"1285","nfldk",2
"1286","niecebby",2
"1287","ninjas",2
"1288","nite",2
"1289","noeskin",2
"1290","nominated",2
"1291","nooooo",2
"1292","noquestion",2
"1293","north",2
"1294","nos",2
"1295","nowfuck",2
"1296","nowplaying",2
"1297","nuevo",2
"1298","nuffsaid",2
"1299","numbers",2
"1300","ocain",2
"1301","official",2
"1302","older",2
"1303","ons",2
"1304","ooooh",2
"1305","opponents",2
"1306","opposite",2
"1307","organization",2
"1308","outta",2
"1309","overrated",2
"1310","pack",2
"1311","paid",2
"1312","pain",2
"1313","pancakesbitches",2
"1314","paper",2
"1315","passer",2
"1316","pdf",2
"1317","penalty",2
"1318","peoplewhomademy",2
"1319","percentage",2
"1320","person",2
"1321","petemedhurst",2
"1322","pffsam",2
"1323","philadelphiaeagles",2
"1324","phx",2
"1325","pic",2
"1326","picked",2
"1327","picking",2
"1328","picks",2
"1329","pinched",2
"1330","pitch",2
"1331","pittsburgh",2
"1332","playa",2
"1333","pocket",2
"1334","poor",2
"1335","portis",2
"1336","position",2
"1337","possibly",2
"1338","potbelly",2
"1339","power",2
"1340","ppl",2
"1341","predicted",2
"1342","predicting",2
"1343","preplayoff",2
"1344","pressure",2
"1345","prices",2
"1346","pulling",2
"1347","punctuated",2
"1348","punish",2
"1349","qbs",2
"1350","que",2
"1351","questions",2
"1352","rachelnichols",2
"1353","r„cord",2
"1354","rak",2
"1355","randy",2
"1356","ravensredskins",2
"1357","read",2
"1358","realtalk",2
"1359","recordsandradio",2
"1360","redskins‚Äô",2
"1361","redskinsallday",2
"1362","redskinsdisciples",2
"1363","redskinsˇëçˇëúˇòÅˇòÅ",2
"1364","redskinshate",2
"1365","redskinsponch",2
"1366","redzone",2
"1367","refs",2
"1368","reids",2
"1369","repeat",2
"1370","reportcowboysredskins",2
"1371","reportedly",2
"1372","reports",2
"1373","resists",2
"1374","rest",2
"1375","review",2
"1376","rgtv",2
"1377","rick",2
"1378","rid",2
"1379","ridiculous",2
"1380","road",2
"1381","rocking",2
"1382","rocks",2
"1383","romos",2
"1384","ron",2
"1385","room",2
"1386","root",2
"1387","rotoworldfb",2
"1388","row",2
"1389","running",2
"1390","runs",2
"1391","russ",2
"1392","sad",2
"1393","san",2
"1394","saturday",2
"1395","sayin",2
"1396","sbnation",2
"1397","scheduling",2
"1398","scollinsea",2
"1399","search",2
"1400","secondary",2
"1401","section",2
"1402","security",2
"1403","seed",2
"1404","seeing",2
"1405","seen",2
"1406","seo",2
"1407","series",2
"1408","seriously",2
"1409","shady",2
"1410","shall",2
"1411","ship",2
"1412","shoutout",2
"1413","showing",2
"1414","shutdown",2
"1415","sight",2
"1416","simonebett",2
"1417","simple",2
"1418","sir",2
"1419","sister",2
"1420","skip",2
"1421","sleepin",2
"1422","slopkai",2
"1423","smart",2
"1424","socks",2
"1425","son",2
"1426","soon",2
"1427","sou",2
"1428","source",2
"1429","sources",2
"1430","spam",2
"1431","sport",2
"1432","sportsclew",2
"1433","sportsnews",2
"1434","spreads",2
"1435","springsprogress",2
"1436","stake",2
"1437","standing",2
"1438","startelegram",2
"1439","starters",2
"1440","stopped",2
"1441","stork",2
"1442","stuff",2
"1443","subrefs",2
"1444","subway",2
"1445","sucking",2
"1446","summer",2
"1447","sundayid",2
"1448","supermannoble",2
"1449","surprises",2
"1450","swisher",2
"1451","tall",2
"1452","tate",2
"1453","teamdmvclappas",2
"1454","teamredskins",2
"1455","tebow",2
"1456","tennessee",2
"1457","terrified",2
"1458","territory",2
"1459","texas",2
"1460","tha",2
"1461","thanksgiving",2
"1462","thatgirlrachel",2
"1463","theekhai",2
"1464","theonlydamienb",2
"1465","therealsito",2
"1466","thingsilove",2
"1467","throw",2
"1468","thru",2
"1469","tim",2
"1470","timeespn",2
"1471","titanes",2
"1472","todays",2
"1473","todo",2
"1474","together",2
"1475","toll",2
"1476","tonight",2
"1477","took",2
"1478","torrent",2
"1479","total",2
"1480","touchdown",2
"1481","town",2
"1482","tradition",2
"1483","tres",2
"1484","try",2
"1485","tryna",2
"1486","tto",2
"1487","tufnbjsf",2
"1488","tweets",2
"1489","tying",2
"1490","ugliest",2
"1491","una",2
"1492","uncharted",2
"1493","uni",2
"1494","vem",2
"1495","vikins",2
"1496","vonsotrill",2
"1497","waitin",2
"1498","wanna",2
"1499","washdc",2
"1500","washington‚Äôs",2
"1501","washingtonweek",2
"1502","wat",2
"1503","weeden",2
"1504","welcome",2
"1505","wen",2
"1506","whats",2
"1507","wholetime",2
"1508","whyyojordansign",2
"1509","wife",2
"1510","winandin",2
"1511","winners",2
"1512","witness",2
"1513","wmata",2
"1514","woman",2
"1515","wont",2
"1516","worries",2
"1517","worry",2
"1518","worth",2
"1519","wow",2
"1520","write",2
"1521","wtf",2
"1522","wusa",2
"1523","yah",2
"1524","yds",2
"1525","zberm",2
"1526","‚òù",1
"1527","‚Äòhail",1
"1528","‚Äù",1
"1529","‚Äùhtrg",1
"1530","‚Äcue",1
"1531","‚Äúandysiegel",1
"1532","‚Äúbeachrockinc",1
"1533","‚Äúcbssports",1
"1534","‚Äúcclarke",1
"1535","‚Äúceecee",1
"1536","‚Äúcharliemonroe",1
"1537","‚Äúcowboysdaily",1
"1538","‚Äúdallascowboys",1
"1539","‚Äúdcsportsbog",1
"1540","‚Äúespn",1
"1541","‚Äúespndallas",1
"1542","‚Äúflact",1
"1543","‚Äúgbaby",1
"1544","‚Äúinsider",1
"1545","‚Äújrsbbq",1
"1546","‚Äújupiterxiii",1
"1547","‚Äúlicenseplateguy",1
"1548","‚Äúlocrasta",1
"1549","‚Äúlooks",1
"1550","‚Äúmrdcsports",1
"1551","‚Äúnbd‚Äù",1
"1552","‚Äúnfl",1
"1553","‚Äúnoworriesadl",1
"1554","‚Äúpoppinbands",1
"1555","‚Äúrg",1
"1556","‚Äúricheisen",1
"1557","‚Äúsnklounge",1
"1558","‚Äúteo",1
"1559","‚Äúthechuckcarroll",1
"1560","‚Äútheredzoneorg",1
"1561","‚Äúuniwatch",1
"1562","‚Äúurbanitemx",1
"1563","„Äúwashington",1
"1564","‚Äúwusasports",1
"1565","abound",1
"1566","absalutly",1
"1567","abstraktasshole",1
"1568","account",1
"1569","accuscore",1
"1570","acheman",1
"1571","acpresstopnews",1
"1572","add",1
"1573","adidas",1
"1574","admitted",1
"1575","advantage",1
"1576","aebii",1
"1577","aft",1
"1578","afternoon",1
"1579","aggiejay",1
"1580","agreed",1
"1581","ahaaaa",1
"1582","ahershhhh",1
"1583","ahhhhh",1
"1584","ahhhhhhhh",1
"1585","airport",1
"1586","ajrashid",1
"1587","akajayda",1
"1588","alas",1
"1589","alegro",1
"1590","alene",1
"1591","all‚Ägreat",1
"1592","alldafam",1
"1593","allday",1
"1594","alleniverson",1
"1595","allowed",1
"1596","allyjenkinsdc",1
"1597","almost",1
"1598","almostfavoriteplayer",1
"1599","alphax",1
"1600","alright",1
"1601","alternate",1
"1602","although",1
"1603","amazon",1
"1604","amclark",1
"1605","amd",1
"1606","american",1
"1607","americantweet",1
"1608","americascheerl",1
"1609","americasteam",1
"1610","amirite",1
"1611","amnoon",1
"1612","andre",1
"1613","andrea",1
"1614","andyharnik",1
"1615","angelalynnette",1
"1616","angiejmason",1
"1617","announcement",1
"1618","announces",1
"1619","ano",1
"1620","anotherroundd",1
"1621","answer",1
"1622","answers",1
"1623","anterior",1
"1624","anymore",1
"1625","anyway",1
"1626","apart",1
"1627","apenas",1
"1628","apology",1
"1629","app",1
"1630","apparently",1
"1631","appreciation",1
"1632","approaching",1
"1633","aproxima",1
"1634","aramseyltsb",1
"1635","arent",1
"1636","areyounotentertained",1
"1637","article",1
"1638","asayoel",1
"1639","asegurar",1
"1640","ashamed",1
"1641","ashburn",1
"1642","asistencia",1
"1643","asleep",1
"1644","associ",1
"1645","athleteswag",1
"1646","athleticism",1
"1647","atl",1
"1648","atmosphere",1
"1649","atop",1
"1650","ats",1
"1651","auburn",1
"1652","austin",1
"1653","autofollowback",1
"1654","available",1
"1655","avatar",1
"1656","avg„rande",1
"1657","awful",1
"1658","awfulannouncing",1
"1659","awkward",1
"1660","ayeecollins",1
"1661","ayobrezzy",1
"1662","ayooargeliooo",1
"1663","azannaphx",1
"1664","baaaaaaaased",1
"1665","babymills",1
"1666","back‚Äù",1
"1667","back‚Äùget",1
"1668","backtothesuperbowl",1
"1669","badu",1
"1670","bag",1
"1671","bags",1
"1672","bak",1
"1673","balance",1
"1674","ballet",1
"1675","balt",1
"1676","bandamonium",1
"1677","bank",1
"1678","baseball",1
"1679","basically",1
"1680","basis",1
"1681","battering",1
"1682","bayless",1
"1683","bbq",1
"1684","bcarr",1
"1685","bcavaliere",1
"1686","bcs",1
"1687","beachrockinc",1
"1688","beasts",1
"1689","beatcowboys",1
"1690","beatcowgirls",1
"1691","beatdowndallas",1
"1692","beaten",1
"1693","beatthecowboys",1
"1694","beatthosecowgirls",1
"1695","becoming",1
"1696","bed",1
"1697","bedjansenriney",1
"1698","bedtime",1
"1699","beebossy",1
"1700","beginning",1
"1701","believernangels",1
"1702","bellacubana",1
"1703","ben",1
"1704","bench",1
"1705","benched",1
"1706","bene",1
"1707","bescaredofblackjesus",1
"1708","besides",1
"1709","beware",1
"1710","bfnupe‚",1
"1711","bgates",1
"1712","bhsports",1
"1713","bieberreject",1
"1714","bigbennyradio",1
"1715","bigman",1
"1716","bigmike",1
"1717","bignevermind",1
"1718","bigtime",1
"1719","billyburke",1
"1720","birth",1
"1721","birthday",1
"1722","birthdaygiftidea",1
"1723","bishass",1
"1724","bitch",1
"1725","blackout",1
"1726","blainestewart",1
"1727","blatant",1
"1728","bleeding",1
"1729","bless",1
"1730","bli",1
"1731","blitzes",1
"1732","blogged",1
"1733","blogtalkradio",1
"1734","blood",1
"1735","bloody",1
"1736","blowing",1
"1737","blowout",1
"1738","blows",1
"1739","blue",1
"1740","blueandsilver",1
"1741","bmitchlivecsn",1
"1742","bmoreprobz",1
"1743","bmsderek",1
"1744","bnflb",1
"1745","bobby",1
"1746","boil",1
"1747","bold",1
"1748","bombs",1
"1749","bonestupidrule",1
"1750","bonus",1
"1751","boo",1
"1752","bookieblitz",1
"1753","booty",1
"1754","bored",1
"1755","boricuas",1
"1756","boring",1
"1757","bosox",1
"1758","boss",1
"1759","bossmansholay",1
"1760","bostonredskins",1
"1761","bottle",1
"1762","bottom",1
"1763","bounce",1
"1764","bound",1
"1765","bowls",1
"1766","boxing",1
"1767","boyscomedy",1
"1768","boysskins",1
"1769","boyyyy",1
"1770","boyz",1
"1771","boyzzredskins",1
"1772","bradie",1
"1773","bradshaw",1
"1774","bradyandlang",1
"1775","bragghillcrazy",1
"1776","bragginrights",1
"1777","brah",1
"1778","brander",1
"1779","braves",1
"1780","break",1
"1781","breaker",1
"1782","brianh",1
"1783","briankushing",1
"1784","bricarr",1
"1785","brillk",1
"1786","bringing",1
"1787","bringitdallas",1
"1788","bro",1
"1789","bromitchford",1
"1790","broncofitz",1
"1791","broncostweeters",1
"1792","brotherly",1
"1793","browns",1
"1794","bruh",1
"1795","brun",1
"1796","brush",1
"1797","brutal‚Äù",1
"1798","bryants",1
"1799","bsegar",1
"1800","bshine",1
"1801","btben",1
"1802","bthesportsguy",1
"1803","btw",1
"1804","bucaneros",1
"1805","buccaneers",1
"1806","buckland",1
"1807","bucs",1
"1808","buduafool",1
"1809","bufordtw",1
"1810","buh",1
"1811","bull",1
"1812","bullisht",1
"1813","bullying",1
"1814","bum",1
"1815","bump",1
"1816","bumqnlb",1
"1817","burke",1
"1818","bus",1
"1819","businessmanquan",1
"1820","busy",1
"1821","buttsjordan",1
"1822","buying",1
"1823","bww",1
"1824","bye",1
"1825","califican",1
"1826","calling",1
"1827","calouros",1
"1828","calvin",1
"1829","cameronneace",1
"1830","campeon",1
"1831","campus",1
"1832","cannedplease",1
"1833","canoc",1
"1834","capsules",1
"1835","captain",1
"1836","cards",1
"1837","careers",1
"1838","cares",1
"1839","carolina",1
"1840","carried",1
"1841","carrollmike",1
"1842","carrollqb",1
"1843","carsoncooper",1
"1844","carter",1
"1845","case",1
"1846","cashjunkietae",1
"1847","casillas",1
"1848","castpod‚Ä",1
"1849","catching",1
"1850","cave",1
"1851","cblackmod",1
"1852","ccouldnt",1
"1853","cdow",1
"1854","cen„rio",1
"1855","center",1
"1856","cerradas",1
"1857","certain",1
"1858","certainly",1
"1859","cgdricucci",1
"1860","cgfarkas",1
"1861","chaddukes",1
"1862","chadwick",1
"1863","changer",1
"1864","changing",1
"1865","channel",1
"1866","chant",1
"1867","charity",1
"1868","charles",1
"1869","charlie",1
"1870","charrrlieboy",1
"1871","che",1
"1872","check",1
"1873","cheering",1
"1874","cheers",1
"1875","cherokee",1
"1876","chicag",1
"1877","chicagobears",1
"1878","chickfila",1
"1879","chiefs",1
"1880","chills",1
"1881","chizum",1
"1882","chocolatecity",1
"1883","choke",1
"1884","choked",1
"1885","choking",1
"1886","chops",1
"1887","chrisballejos",1
"1888","chrisburkesi",1
"1889","chriscooley",1
"1890","chrisobrien",1
"1891","christ",1
"1892","christm",1
"1893","christmasproblems",1
"1894","chrisworthy",1
"1895","chronicles",1
"1896","chumps",1
"1897","cjscriven",1
"1898","claimed",1
"1899","clapresi",1
"1900","clauhope",1
"1901","clinched",1
"1902","clinches",1
"1903","clinton",1
"1904","closecall",1
"1905","closer",1
"1906","closet",1
"1907","club",1
"1908","clutch",1
"1909","cmyllzxox",1
"1910","coached",1
"1911","coaches",1
"1912","collie",1
"1913","collin",1
"1914","collintm",1
"1915","color",1
"1916","colorado",1
"1917","colors",1
"1918","coltsredskins",1
"1919","columbus",1
"1920","column",1
"1921","combinaciones",1
"1922","combinar",1
"1923","combo",1
"1924","comeupclutch",1
"1925","comical",1
"1926","community",1
"1927","comodo",1
"1928","comp",1
"1929","complaining",1
"1930","completion",1
"1931","comulder",1
"1932","comunes",1
"1933","concord",1
"1934","concur",1
"1935","concussion",1
"1936","confirm",1
"1937","confirmado",1
"1938","congratulations",1
"1939","connection",1
"1940","consecutivos",1
"1941","considering",1
"1942","consistent",1
"1943","continues",1
"1944","controlled",1
"1945","controversial",1
"1946","coopasteady",1
"1947","cornballs",1
"1948","corookie",1
"1949","correct",1
"1950","corrijo",1
"1951","coryrandow",1
"1952","cost",1
"1953","costume",1
"1954","countdown",1
"1955","counts",1
"1956","courtney",1
"1957","courtneycummz",1
"1958","cousin",1
"1959","cover",1
"1960","coveragesoap",1
"1961","cowboyjeffsucks",1
"1962","cowboys‚Äù",1
"1963","cowboysaddicts",1
"1964","cowboysbaby",1
"1965","cowboysbeat",1
"1966","cowboysbrasil",1
"1967","cowboysgame",1
"1968","cowboysnflfootball",1
"1969","cowboysplus",1
"1970","cowboysskins",1
"1971","cowfaggies",1
"1972","cowturds",1
"1973","cpkcallahan",1
"1974","cptnjp",1
"1975","crafts",1
"1976","cranberry",1
"1977","crap",1
"1978","crazyredskins",1
"1979","crib",1
"1980","cricket",1
"1981","criteria",1
"1982","criterio",1
"1983","critical",1
"1984","crushed",1
"1985","crushing",1
"1986","crustfreee",1
"1987","csnwashingtoncom",1
"1988","cteimouri",1
"1989","cum",1
"1990","cunts",1
"1991","cupcakes",1
"1992","curse",1
"1993","cusp",1
"1994","cut",1
"1995","cutback",1
"1996","cwboysnation",1
"1997","cwsportsblog",1
"1998","cylinders",1
"1999","czabe",1
"2000","daddy",1
"2001","daiylassiter",1
"2002","dallas‚Äù",1
"2003","dallascowboysredskins",1
"2004","dallascowboysup",1
"2005","dallasnation",1
"2006","dalton",1
"2007","damnit",1
"2008","dandalyonsports",1
"2009","dangerusswilson",1
"2010","dangle",1
"2011","daniasis",1
"2012","danmarchese",1
"2013","danmarchese‚Äù",1
"2014","danny",1
"2015","darrell",1
"2016","darrenrovell",1
"2017","darse",1
"2018","dats",1
"2019","datsavagevon",1
"2020","davis",1
"2021","dazzubeats",1
"2022","dcarchitect",1
"2023","dcc",1
"2024","dcsportsbog",1
"2025","deadline",1
"2026","deal",1
"2027","death",1
"2028","debate",1
"2029","decades",1
"2030","decided",1
"2031","declaring",1
"2032","decredskinsvsphieaglesp",1
"2033","defensa",1
"2034","defense‚Ä",1
"2035","deficit",1
"2036","degrees",1
"2037","delivers",1
"2038","dem",1
"2039","demarco",1
"2040","demarcomurray",1
"2041","demarcusware",1
"2042","denveralltheway",1
"2043","departed",1
"2044","depending",1
"2045","desde",1
"2046","dese",1
"2047","desean",1
"2048","desempate",1
"2049","deservedawin",1
"2050","design",1
"2051","destined",1
"2052","destiny",1
"2053","destroy",1
"2054","details",1
"2055","detriment",1
"2056","deucepage",1
"2057","devin",1
"2058","dfashosrd",1
"2059","dhbatman",1
"2060","dial",1
"2061","diamond",1
"2062","dice",1
"2063","dicembre",1
"2064","dickheads",1
"2065","didnt",1
"2066","diego",1
"2067","diff",1
"2068","dig",1
"2069","dim",1
"2070","dion",1
"2071","dire",1
"2072","direct",1
"2073","dirt",1
"2074","disappearing",1
"2075","discuss",1
"2076","dismantle",1
"2077","dispatch",1
"2078","distance",1
"2079","divisions",1
"2080","divison",1
"2081","djmarcfarrell",1
"2082","dlb",1
"2083","dmihoop",1
"2084","dmncowboys",1
"2085","dmvfollowers",1
"2086","dnt",1
"2087","dollars",1
"2088","domination",1
"2089","don‚Äôt",1
"2090","done‚Äù",1
"2091","door",1
"2092","dope",1
"2093","dos",1
"2094","doubled",1
"2095","doubt",1
"2096","doug",1
"2097","doughboy",1
"2098","downisthenewup",1
"2099","downwiththecowgirls",1
"2100","dpatanimal",1
"2101","dqeaub",1
"2102","draft",1
"2103","dragging",1
"2104","dragonflyjonez",1
"2105","dragons",1
"2106","dragonsden",1
"2107","drama",1
"2108","dramatiskt",1
"2109","dreamnfc",1
"2110","drezwider",1
"2111","drinking",1
"2112","drinks",1
"2113","drjfigueroa",1
"2114","drop",1
"2115","drops",1
"2116","drroto",1
"2117","drunkcoatesy",1
"2118","dskillz",1
"2119","dudes",1
"2120","due‚Äù",1
"2121","dunboogie",1
"2122","duo",1
"2123","durant",1
"2124","dustinbragg",1
"2125","ˇòÇˇòÇˇòÇ",1
"2126","ˇòÇˇòÇˇòÇˇòÇ",1
"2127","ˇòÇˇòÇˇòÇˇòÇˇòÇˇòÇ",1
"2128","ˇòÄ",1
"2129","ˇòâ‚ùˇíõ",1
"2130","ˇòâˇòèˇôè",1
"2131","ˇòù",1
"2132","ˇòçˇòçˇòç",1
"2133","ˇòèˇèà",1
"2134","ˇëç",1
"2135","ˇëçˇò‚ò",1
"2136","ˇëçˇëçˇëçˇëçˇöˇöˇö",1
"2137","ˇëú",1
"2138","ˇëúˇëçˇí",1
"2139","ˇîõ",1
"2140","ˇôú",1
"2141","ˇûÑˇûÖˇûÑ",1
"2142","ˇûÖˇûÑˇûÅ",1
"2143","eagle",1
"2144","eaglesdaily",1
"2145","eaglesnflfans",1
"2146","earned",1
"2147","earrings",1
"2148","ears",1
"2149","earthquake",1
"2150","easier",1
"2151","easily",1
"2152","eastchamp",1
"2153","eastindy",1
"2154","eastwith",1
"2155","easywin",1
"2156","eating",1
"2157","eazeeee",1
"2158","ecs",1
"2159","eday",1
"2160","edge",1
"2161","edged",1
"2162","edition",1
"2163","editsusan",1
"2164","efcviking",1
"2165","efficiency",1
"2166","egypt",1
"2167","eiiiott",1
"2168","eitherniggas",1
"2169","ellettiv",1
"2170","ellisreckless",1
"2171","embarrassed",1
"2172","emerge",1
"2173","emotions",1
"2174","emphasize",1
"2175","encyclopedia",1
"2176","ended",1
"2177","ending",1
"2178","ends",1
"2179","endzone",1
"2180","enfrentaran",1
"2181","entered",1
"2182","entry",1
"2183","enyozz",1
"2184","epicness",1
"2185","epicspazdawg",1
"2186","episodes",1
"2187","equipment",1
"2188","eric",1
"2189","ericstyons",1
"2190","erie",1
"2191","erykah",1
"2192","espncolin",1
"2193","espndallas",1
"2194","espndeportesnfl",1
"2195","espnevil",1
"2196","espnradi",1
"2197","espnrobking",1
"2198","espntony",1
"2199","et‚Äù‚Äù",1
"2200","ett",1
"2201","europe",1
"2202","evan",1
"2203","event",1
"2204","everybodyyy",1
"2205","everytime",1
"2206","everywhere",1
"2207","evidence",1
"2208","evil",1
"2209","exact",1
"2210","exaggerated",1
"2211","examines",1
"2212","examples",1
"2213","excellent",1
"2214","exciting",1
"2215","exclusiv",1
"2216","exclusively",1
"2217","excuse",1
"2218","excuses",1
"2219","expatskinsfans",1
"2220","expect",1
"2221","expectdez",1
"2222","expected",1
"2223","explanation",1
"2224","extra",1
"2225","eyeonnfl",1
"2226","eyes",1
"2227","factor",1
"2228","fading",1
"2229","failed",1
"2230","failing",1
"2231","fails",1
"2232","faith",1
"2233","faltou",1
"2234","fandom",1
"2235","fantasy",1
"2236","farther",1
"2237","fashion",1
"2238","fashionulove",1
"2239","fast",1
"2240","faster",1
"2241","fattboysims",1
"2242","favourite",1
"2243","fdallas",1
"2244","fecha",1
"2245","fedexmadness",1
"2246","feelings",1
"2247","feels",1
"2248","feet",1
"2249","fellas",1
"2250","fest",1
"2251","fight",1
"2252","figurinebrand",1
"2253","filadelfia",1
"2254","filmed",1
"2255","fined",1
"2256","finna",1
"2257","firstnameant",1
"2258","firstround",1
"2259","firsttakeva",1
"2260","fishsports",1
"2261","fitted",1
"2262","fiver",1
"2263","fiveyard",1
"2264","fjol",1
"2265","flaccosucks",1
"2266","fleece",1
"2267","flyassmarleyg",1
"2268","flyttad",1
"2269","focus",1
"2270","focused",1
"2271","folarin",1
"2272","fold",1
"2273","footballcant",1
"2274","footballllllllll",1
"2275","foreskins",1
"2276","forgetredskins",1
"2277","forgotten",1
"2278","form",1
"2279","forreal",1
"2280","fort",1
"2281","fosho",1
"2282","foster",1
"2283","four",1
"2284","foxross",1
"2285","france",1
"2286","frankwgn",1
"2287","freezing",1
"2288","frenchwasp",1
"2289","freshlybaked",1
"2290","friends",1
"2291","front",1
"2292","frustrated",1
"2293","fuckin",1
"2294","fucking",1
"2295","fuckit",1
"2296","fuckthemspooks",1
"2297","fujimar",1
"2298","fujimarlima",1
"2299","fumb",1
"2300","fumbles",1
"2301","fund",1
"2302","funnydanny",1
"2303","fuzzy",1
"2304","fvef",1
"2305","gaga",1
"2306","gallery",1
"2307","galloway",1
"2308","game‚Äù",1
"2309","gameoftheyear",1
"2310","gameon",1
"2311","gameonwusa‚Äù",1
"2312","gamest",1
"2313","gameu",1
"2314","ganado",1
"2315","ganamos",1
"2316","ganando",1
"2317","gardog",1
"2318","garyellerson",1
"2319","gay",1
"2320","gee",1
"2321","geek",1
"2322","generation",1
"2323","gentlemen",1
"2324","georgetown",1
"2325","getme",1
"2326","gettin",1
"2327","ggletrends",1
"2328","ggold",1
"2329","giants‚Äô",1
"2330","giantscowboys",1
"2331","gif",1
"2332","giiiles",1
"2333","girl",1
"2334","girlproblems",1
"2335","glassjoejp",1
"2336","glitter",1
"2337","glory",1
"2338","gmucka",1
"2339","go‚Äù",1
"2340","gocowboys",1
"2341","gods",1
"2342","gogocowboys",1
"2343","gojanigeorge",1
"2344","goldy",1
"2345","gomes",1
"2346","gonavy",1
"2347","goodell",1
"2348","goodnews",1
"2349","goods",1
"2350","goodshit",1
"2351","googletopsearched",1
"2352","gooooooooooo",1
"2353","goredskins",1
"2354","gotsmokedyesterday",1
"2355","gotten",1
"2356","govikes",1
"2357","govolsxtra",1
"2358","grades",1
"2359","grading",1
"2360","grammer",1
"2361","grant",1
"2362","greer",1
"2363","gregoryjessica",1
"2364","griftmas",1
"2365","grill",1
"2366","grindin",1
"2367","gross",1
"2368","grreat",1
"2369","gstarraw",1
"2370","guests",1
"2371","guiding",1
"2372","gunnagetcha",1
"2373","hahah",1
"2374","hahaha",1
"2375","hahahahahahaha",1
"2376","haiku",1
"2377","hailthebigboys",1
"2378","hailtheredskins",1
"2379","half",1
"2380","haliuha",1
"2381","hammer",1
"2382","han",1
"2383","handicap",1
"2384","handle",1
"2385","handling",1
"2386","happening",1
"2387","happier",1
"2388","hardcorbarra",1
"2389","hardfought",1
"2390","harirarru",1
"2391","harm",1
"2392","harrahs",1
"2393","haten",1
"2394","hats",1
"2395","hauling",1
"2396","havent",1
"2397","havoc",1
"2398","he‚Äôs",1
"2399","headed",1
"2400","header",1
"2401","heading",1
"2402","headliine",1
"2403","headline",1
"2404","headlines",1
"2405","heads",1
"2406","hearing",1
"2407","heartstopping",1
"2408","heavenly",1
"2409","hello",1
"2410","herald",1
"2411","hermh",1
"2412","heybwaugh",1
"2413","hhbmel",1
"2414","hibernian",1
"2415","higher",1
"2416","highlight",1
"2417","highlights",1
"2418","hiphopdelivered",1
"2419","hit",1
"2420","hits",1
"2421","hitting",1
"2422","hlmg",1
"2423","hockeyyinsiderr",1
"2424","hoes",1
"2425","hof",1
"2426","hokies",1
"2427","holds",1
"2428","holycrap",1
"2429","homedude",1
"2430","homer",1
"2431","honest",1
"2432","hook",1
"2433","hopefully",1
"2434","horrible",1
"2435","hotter",1
"2436","houston",1
"2437","houstontexans",1
"2438","however",1
"2439","howie",1
"2440","htrg",1
"2441","httc",1
"2442","httpstcoqbtrqebr",1
"2443","httptc",1
"2444","httptcoaanqcuy",1
"2445","httptcoabzcrfw",1
"2446","httptcoaclkgx",1
"2447","httptcoaevjnl",1
"2448","httptcoafhkfoh",1
"2449","httptcoagqekk",1
"2450","httptcoahkuzql",1
"2451","httptcoamxjjd",1
"2452","httptcoanzsqtfs",1
"2453","httptcoaqifkjn",1
"2454","httptcoaqkrigwd",1
"2455","httptcoasujydhe",1
"2456","httptcoatksje",1
"2457","httptcoatypgzf",1
"2458","httptcoavfhi",1
"2459","httptcoavqadp",1
"2460","httptcoawyob",1
"2461","httptcoayltcbh",1
"2462","httptcoazfer",1
"2463","httptcoballtk",1
"2464","httptcobceuwxty‚Äù",1
"2465","httptcobctjfha",1
"2466","httptcobdmtpl",1
"2467","httptcobfjrlzo",1
"2468","httptcobislqn",1
"2469","httptcobjhdgml",1
"2470","httptcobjqjbync",1
"2471","httptcobjrdbnj",1
"2472","httptcoblefgy",1
"2473","httptcoblidmtf",1
"2474","httptcoblonwd",1
"2475","httptcobnistoo",1
"2476","httptcobpnaxed",1
"2477","httptcobqmdgduo",1
"2478","httptcobqpwug",1
"2479","httptcobrsfnh",1
"2480","httptcobsqhka",1
"2481","httptcobtdrzem",1
"2482","httptcobtltehde",1
"2483","httptcobupnajya",1
"2484","httptcobwisc",1
"2485","httptcobyycm",1
"2486","httptcoccwlestt",1
"2487","httptcocczcwb",1
"2488","httptcocfgpkji",1
"2489","httptcocgjhpgb",1
"2490","httptcochhmkl",1
"2491","httptcocjsdfooh",1
"2492","httptcocjvpwfu",1
"2493","httptcockblwjl",1
"2494","httptcockwytw",1
"2495","httptcocmlocmu",1
"2496","httptcocmqhvibp",1
"2497","httptcocnalpd",1
"2498","httptcocnyzja",1
"2499","httptcocsmbaix",1
"2500","httptcoctxuskf",1
"2501","httptcocuqmrmd",1
"2502","httptcocwhn",1
"2503","httptcocyeuofrf",1
"2504","httptcocyphk",1
"2505","httptcocyxktbnb",1
"2506","httptcocznpqfo",1
"2507","httptcodcvjhhp",1
"2508","httptcoddgfdec",1
"2509","httptcoddhbhrgj",1
"2510","httptcoddnfy",1
"2511","httptcoddwmk",1
"2512","httptcodekrpeb",1
"2513","httptcodgbyxqjy",1
"2514","httptcodhxzscs",1
"2515","httptcodjlbwb",1
"2516","httptcodjpawzt",1
"2517","httptcodkbl",1
"2518","httptcodmjgmsdn",1
"2519","httptcodmrfaq",1
"2520","httptcodmxbjq",1
"2521","httptcodokueoe",1
"2522","httptcodoutfhk",1
"2523","httptcodqeazfw",1
"2524","httptcodrcql",1
"2525","httptcodrqrjcfk",1
"2526","httptcodtgyayx",1
"2527","httptcodtokawf",1
"2528","httptcodtsukdq",1
"2529","httptcodwqekedg",1
"2530","httptcodxseeqi",1
"2531","httptcodxzqfgn",1
"2532","httptcodzcynf",1
"2533","httptcoearzzv",1
"2534","httptcoebpfa",1
"2535","httptcoebubq",1
"2536","httptcoecqdtzcd",1
"2537","httptcoeddx",1
"2538","httptcoeeahuym",1
"2539","httptcoeell",1
"2540","httptcoeghl",1
"2541","httptcoegikizt",1
"2542","httptcoegsrpor",1
"2543","httptcoehfgguyq",1
"2544","httptcoeiqelk",1
"2545","httptcoeldsca",1
"2546","httptcoenmtuh",1
"2547","httptcoeojbtm",1
"2548","httptcoeqyq",1
"2549","httptcoeqzthaks",1
"2550","httptcoeuyzak",1
"2551","httptcoeuzorsn",1
"2552","httptcoevworc",1
"2553","httptcoevyavf",1
"2554","httptcoeyigjf",1
"2555","httptcofbkgeahw",1
"2556","httptcofbnxqa",1
"2557","httptcofbuvvxvm‚Äù",1
"2558","httptcofessntqi",1
"2559","httptcoffedyw",1
"2560","httptcofgchg",1
"2561","httptcofgoely",1
"2562","httptcofhsthhmo‚Äù",1
"2563","httptcofiawgiw",1
"2564","httptcofjqota",1
"2565","httptcoflelk",1
"2566","httptcofmukzcao",1
"2567","httptcofnteqyld",1
"2568","httptcofpykteo",1
"2569","httptcofqdyzleg",1
"2570","httptcofqpqylc",1
"2571","httptcofqupngia",1
"2572","httptcoftdtbz",1
"2573","httptcofvbicypj",1
"2574","httptcofvef",1
"2575","httptcofvldvli",1
"2576","httptcofwajtuye",1
"2577","httptcofwezcopo",1
"2578","httptcofxsywox",1
"2579","httptcofxzzes",1
"2580","httptcofyecjc",1
"2581","httptcofzaepfi",1
"2582","httptcogavykm",1
"2583","httptcogbmdzna",1
"2584","httptcogbmvrg",1
"2585","httptcogcmtp",1
"2586","httptcogcvlrp",1
"2587","httptcogdxfdv",1
"2588","httptcogelrqyz",1
"2589","httptcogepifoq",1
"2590","httptcogfpcoywe",1
"2591","httptcogftkbcpq",1
"2592","httptcoghhpiui",1
"2593","httptcoghjamys",1
"2594","httptcoghsdfm",1
"2595","httptcogkehjemr",1
"2596","httptcogkynay",1
"2597","httptcoglosetm",1
"2598","httptcognfhzdy",1
"2599","httptcogngsfhw",1
"2600","httptcogoyte",1
"2601","httptcogpctsb",1
"2602","httptcogpnvarld",1
"2603","httptcogpthm",1
"2604","httptcogqszt",1
"2605","httptcogrkk",1
"2606","httptcogthtwep",1
"2607","httptcogtopfp",1
"2608","httptcoguszzuv",1
"2609","httptcoguypsn",1
"2610","httptcogvopgzs",1
"2611","httptcogwbrlq",1
"2612","httptcogwehpk",1
"2613","httptcogwjfwrud",1
"2614","httptcogxhovbg",1
"2615","httptcogxzlpafy",1
"2616","httptcogyktnv",1
"2617","httptcogyxeufc",1
"2618","httptcohabutnd",1
"2619","httptcohaxakhkc",1
"2620","httptcohbpuf",1
"2621","httptcoheskngmc",1
"2622","httptcohfojonrl",1
"2623","httptcohieijnc",1
"2624","httptcohiwhypl",1
"2625","httptcohiyinsb",1
"2626","httptcohiyixrr",1
"2627","httptcohknn",1
"2628","httptcohmiqoerz",1
"2629","httptcohozfdx",1
"2630","httptcohozkjom",1
"2631","httptcohpeovj",1
"2632","httptcohpkoesc",1
"2633","httptcohpzrbbnd",1
"2634","httptcohqrzjzdi",1
"2635","httptcohrgvj",1
"2636","httptcohvbyofy",1
"2637","httptcohvdxoo",1
"2638","httptcohvnonzs",1
"2639","httptcohvwbngzw",1
"2640","httptcohwlswk",1
"2641","httptcohwuoayay",1
"2642","httptcohxmpxn",1
"2643","httptcohyjw",1
"2644","httptcohzbqwb",1
"2645","httptcohzlsbng",1
"2646","httptcoialejnh",1
"2647","httptcoibbsqumq",1
"2648","httptcoibxllch",1
"2649","httptcoibzmzbs",1
"2650","httptcoiconzna",1
"2651","httptcoidfavqzo",1
"2652","httptcoihksbbxb",1
"2653","httptcoijnbem",1
"2654","httptcoikjit",1
"2655","httptcoikjqaic",1
"2656","httptcoikrvoak",1
"2657","httptcoikzoup",1
"2658","httptcoilnymd",1
"2659","httptcoilplcjhz",1
"2660","httptcoinwsnkz",1
"2661","httptcoiocyb",1
"2662","httptcoiolrl",1
"2663","httptcoiqjotsz",1
"2664","httptcoiqthvh",1
"2665","httptcoisjpid",1
"2666","httptcoisyudkqv",1
"2667","httptcoitwomtf",1
"2668","httptcoityhpzm",1
"2669","httptcoiugfm",1
"2670","httptcoiumuour",1
"2671","httptcoiuvwioe",1
"2672","httptcoiuwuhbi",1
"2673","httptcoiweivzt‚Äù",1
"2674","httptcoixdfedep",1
"2675","httptcoixhqxe",1
"2676","httptcojbbbxhs",1
"2677","httptcojbcqsh",1
"2678","httptcojbwkzha",1
"2679","httptcojduaxdjj",1
"2680","httptcojfmyszkm",1
"2681","httptcojfnzld",1
"2682","httptcojgoenrvg",1
"2683","httptcojjnruobk",1
"2684","httptcojjvbzu",1
"2685","httptcojmebglqe",1
"2686","httptcojnjcevc",1
"2687","httptcojnzydrmg",1
"2688","httptcojpccmgdn",1
"2689","httptcojrtxkxh",1
"2690","httptcojthvdqz",1
"2691","httptcojvtpm",1
"2692","httptcojvzkkj",1
"2693","httptcojxph",1
"2694","httptcojxqdulg",1
"2695","httptcojxvrk",1
"2696","httptcokcotjil",1
"2697","httptcokdiohys",1
"2698","httptcokdokrkm",1
"2699","httptcokimjv",1
"2700","httptcokiwuerx",1
"2701","httptcokmottacn",1
"2702","httptcoknsfsgr",1
"2703","httptcokorxbji",1
"2704","httptcokosjursu",1
"2705","httptcokrasrllc",1
"2706","httptcokscgqa",1
"2707","httptcoktbcopwp",1
"2708","httptcokvnicdvl",1
"2709","httptcokwsxixk",1
"2710","httptcolcascl",1
"2711","httptcolenzpc",1
"2712","httptcoleombd",1
"2713","httptcolgafy",1
"2714","httptcolhwnknza",1
"2715","httptcolixuyw",1
"2716","httptcoljxlret",1
"2717","httptcolngodvlf",1
"2718","httptcoloyqfse",1
"2719","httptcolsxyqfr",1
"2720","httptcolvpbytzb",1
"2721","httptcolvyrtpca",1
"2722","httptcolwsjza",1
"2723","httptcolyrlj",1
"2724","httptcolyytbile",1
"2725","httptcombwljefg",1
"2726","httptcombyou",1
"2727","httptcomcmdo",1
"2728","httptcomeobgeez",1
"2729","httptcomequrjr",1
"2730","httptcomfrfxww",1
"2731","httptcomgnlwv",1
"2732","httptcomibuwcc",1
"2733","httptcomicxihw",1
"2734","httptcomiwqu",1
"2735","httptcomixagrf",1
"2736","httptcomixtzj",1
"2737","httptcomlsxp",1
"2738","httptcomonumpx",1
"2739","httptcomqhvsasm",1
"2740","httptcomsucckz",1
"2741","httptcomsvtld",1
"2742","httptcomtvxcsx",1
"2743","httptcomuefmxky",1
"2744","httptcomvaihj",1
"2745","httptcomxdprka",1
"2746","httptcomxggun",1
"2747","httptcomylturlv",1
"2748","httptcomyudwtjw",1
"2749","httptcomzvkfvk",1
"2750","httptcomzzryfv",1
"2751","httptconabkagc",1
"2752","httptconabzt",1
"2753","httptconcfemp",1
"2754","httptconcondq",1
"2755","httptconehmewae",1
"2756","httptconejstsw",1
"2757","httptconersznq",1
"2758","httptcongdols",1
"2759","httptcongggq",1
"2760","httptcongmjv",1
"2761","httptconntctn",1
"2762","httptconollaxqy",1
"2763","httptconpbrnvq",1
"2764","httptconpmtt",1
"2765","httptconqcdsf",1
"2766","httptconqlnyp",1
"2767","httptcontddxszg",1
"2768","httptconvbhjeb",1
"2769","httptconvecgr",1
"2770","httptconvhzddr",1
"2771","httptconwoqsqu",1
"2772","httptcooaejhfud",1
"2773","httptcooafqtu",1
"2774","httptcooavtzlgc",1
"2775","httptcoobqgkt",1
"2776","httptcoocinlzy",1
"2777","httptcooczq",1
"2778","httptcood",1
"2779","httptcoodube",1
"2780","httptcoodukosj",1
"2781","httptcooftepvc",1
"2782","httptcoofvaqnxy",1
"2783","httptcoofxbgrx",1
"2784","httptcoogfcovr",1
"2785","httptcooglwwg",1
"2786","httptcooigsxla",1
"2787","httptcoojevvxd",1
"2788","httptcoolxqevt",1
"2789","httptcoomnclr",1
"2790","httptcooncsmssh",1
"2791","httptcooooeaqg",1
"2792","httptcoooydmem‚Äù",1
"2793","httptcoopamos",1
"2794","httptcooppryhz",1
"2795","httptcooqmrpjd",1
"2796","httptcoorvwgege",1
"2797","httptcoosmakz",1
"2798","httptcoosqnvdy",1
"2799","httptcootvrqau",1
"2800","httptcooumodh",1
"2801","httptcooxxqulru",1
"2802","httptcooycbisn",1
"2803","httptcoozjzwy",1
"2804","httptcopabxtpn",1
"2805","httptcopanmpbg",1
"2806","httptcopauqba",1
"2807","httptcopavrtty",1
"2808","httptcopcqdkuv",1
"2809","httptcopduwnl",1
"2810","httptcopeekqhit",1
"2811","httptcopfmzdgc",1
"2812","httptcophybao",1
"2813","httptcophytpy",1
"2814","httptcopiiiid",1
"2815","httptcopinsbnaf",1
"2816","httptcopipitczx",1
"2817","httptcopiwnzgy",1
"2818","httptcopjsomate",1
"2819","httptcopkcxjba",1
"2820","httptcoplwqgtsm",1
"2821","httptcopnlwhjdd",1
"2822","httptcoppkwlvgm",1
"2823","httptcoppxkrj",1
"2824","httptcopqvex",1
"2825","httptcoprcnqfz",1
"2826","httptcoprgksjjk",1
"2827","httptcoprmcsos",1
"2828","httptcoprovbhi",1
"2829","httptcoptbxlou",1
"2830","httptcopuzwulzl",1
"2831","httptcopwudwaks",1
"2832","httptcopwyohej",1
"2833","httptcopxnjpsw",1
"2834","httptcopyhpiqzr",1
"2835","httptcopyxqyss",1
"2836","httptcopzmgkms",1
"2837","httptcoqbdjyle",1
"2838","httptcoqdknxje",1
"2839","httptcoqenzsf",1
"2840","httptcoqfimxrqa",1
"2841","httptcoqfmpxg",1
"2842","httptcoqgcvafg",1
"2843","httptcoqhroxtza",1
"2844","httptcoqjmilh",1
"2845","httptcoqkpiji",1
"2846","httptcoqljaym",1
"2847","httptcoqodwe",1
"2848","httptcoqplgnfzd",1
"2849","httptcoqrkbxk",1
"2850","httptcoqtpvi",1
"2851","httptcoqttedfmz",1
"2852","httptcoqtwwduee",1
"2853","httptcoquhjne",1
"2854","httptcoqwodxc",1
"2855","httptcoqwplcn",1
"2856","httptcoqxnnfxo",1
"2857","httptcoqxovzxh",1
"2858","httptcoqyriiwjf‚Äù",1
"2859","httptcoqzdpw",1
"2860","httptcoqzkxclfp",1
"2861","httptcorafsdal",1
"2862","httptcorahznd",1
"2863","httptcorblstbzd",1
"2864","httptcorctrevad",1
"2865","httptcordqvmg",1
"2866","httptcorepgl",1
"2867","httptcorifoto",1
"2868","httptcorihnal",1
"2869","httptcoriwyqo",1
"2870","httptcorjlpzlju",1
"2871","httptcorjycfbmk",1
"2872","httptcorkvqv",1
"2873","httptcorlcakt",1
"2874","httptcorllyy",1
"2875","httptcormlmefw",1
"2876","httptcornsrcmf",1
"2877","httptcorofbzjsl",1
"2878","httptcorpisem",1
"2879","httptcorqpljz",1
"2880","httptcorrivurmm",1
"2881","httptcorrlxow",1
"2882","httptcorscfip",1
"2883","httptcortdkra",1
"2884","httptcortkorao",1
"2885","httptcorvcwxox",1
"2886","httptcosbqmbtlw",1
"2887","httptcosbtreep",1
"2888","httptcoscairxf",1
"2889","httptcosfxkobw",1
"2890","httptcosgbugu",1
"2891","httptcosgvczai",1
"2892","httptcoshelvvrd",1
"2893","httptcoshffnco",1
"2894","httptcosiieiww",1
"2895","httptcosisxapb",1
"2896","httptcosjellba",1
"2897","httptcoskibhjz",1
"2898","httptcosnnmgenv",1
"2899","httptcosorsnn",1
"2900","httptcosoyer",1
"2901","httptcospnagwdp",1
"2902","httptcosrzlhzjl",1
"2903","httptcostodhrjw",1
"2904","httptcosviyjq",1
"2905","httptcosvkdlax",1
"2906","httptcoswcosih",1
"2907","httptcoswjxpom",1
"2908","httptcoswyfblzx",1
"2909","httptcosxnfb",1
"2910","httptcosxrunto",1
"2911","httptcosxvgcm",1
"2912","httptcotabhyyno",1
"2913","httptcotahdtihk",1
"2914","httptcotalpovnf",1
"2915","httptcotaqgsiaz",1
"2916","httptcotasbiplo",1
"2917","httptcotautmsam",1
"2918","httptcotbauzg",1
"2919","httptcotbnyrm",1
"2920","httptcotchjsv",1
"2921","httptcotcwnid",1
"2922","httptcotflaqdo",1
"2923","httptcotfybqes",1
"2924","httptcotgqisi",1
"2925","httptcotgssgt",1
"2926","httptcotgucx",1
"2927","httptcotitkwisweek",1
"2928","httptcotmjuwd",1
"2929","httptcotmyhdokd",1
"2930","httptcotngopd",1
"2931","httptcotnynhv",1
"2932","httptcotoeqcmcy",1
"2933","httptcotojzmnt",1
"2934","httptcotolueq",1
"2935","httptcotptjzeb",1
"2936","httptcotqnhemh",1
"2937","httptcotqoveld",1
"2938","httptcotrgzbokb",1
"2939","httptcotsfqogxw‚Äù",1
"2940","httptcotthdhx",1
"2941","httptcotuagvu",1
"2942","httptcotungtiok",1
"2943","httptcotvcjigeq",1
"2944","httptcotvlrfw",1
"2945","httptcotvvosuv",1
"2946","httptcotwxnin",1
"2947","httptcotygawxv",1
"2948","httptcotyre",1
"2949","httptcotywrch",1
"2950","httptcotzmkxbna",1
"2951","httptcouaknlzt",1
"2952","httptcouazvcth",1
"2953","httptcoubyvmv",1
"2954","httptcoucsjooy",1
"2955","httptcoucvnypsw",1
"2956","httptcouddlub",1
"2957","httptcoudndckx",1
"2958","httptcouhjqsjg",1
"2959","httptcouhkfcu",1
"2960","httptcouil",1
"2961","httptcouisvnyao",1
"2962","httptcouiuphmaz",1
"2963","httptcoumarwczu",1
"2964","httptcouolu",1
"2965","httptcoupblbcl",1
"2966","httptcousfqxv",1
"2967","httptcoutahrw",1
"2968","httptcouxqnskq",1
"2969","httptcouzqxbqov",1
"2970","httptcovajriwjh",1
"2971","httptcovbixwhzo",1
"2972","httptcovbyvj",1
"2973","httptcovbzhza",1
"2974","httptcovcdvrlra",1
"2975","httptcovcuulmrs",1
"2976","httptcovdfhyo",1
"2977","httptcovdvhfe",1
"2978","httptcovffxlp",1
"2979","httptcovgwoiid",1
"2980","httptcovhpsps",1
"2981","httptcovimqhgb",1
"2982","httptcovjjaji",1
"2983","httptcovnedwoxy",1
"2984","httptcovqbils",1
"2985","httptcovrfabtdc",1
"2986","httptcovsckfttb",1
"2987","httptcovuwqprd",1
"2988","httptcovwxlqiu",1
"2989","httptcovxiunqsf",1
"2990","httptcovzczlbny",1
"2991","httptcowariugh",1
"2992","httptcowayitrsb",1
"2993","httptcowftvgmc",1
"2994","httptcowhahtziz",1
"2995","httptcowhlyjgo",1
"2996","httptcowlyyzom",1
"2997","httptcowmeicp",1
"2998","httptcowpvezwg",1
"2999","httptcowpvhsea",1
"3000","httptcowpviyxe",1
"3001","httptcowrmjvi",1
"3002","httptcowsklcl",1
"3003","httptcowtniqtte",1
"3004","httptcowtwcct",1
"3005","httptcowugwvlg",1
"3006","httptcowvunyiu",1
"3007","httptcowwonjl",1
"3008","httptcowwqib",1
"3009","httptcowydul",1
"3010","httptcowynboyh",1
"3011","httptcoxafwj",1
"3012","httptcoxcusogn",1
"3013","httptcoxcxmrdg",1
"3014","httptcoxeawsnv",1
"3015","httptcoxeiyrws",1
"3016","httptcoxfkdmrx",1
"3017","httptcoxfmccj",1
"3018","httptcoxfpsgm",1
"3019","httptcoxgbbjpot",1
"3020","httptcoxgnkupl",1
"3021","httptcoxhsams",1
"3022","httptcoxicbc",1
"3023","httptcoxjemi",1
"3024","httptcoxkpsnnzq",1
"3025","httptcoxkqpko‚Äù",1
"3026","httptcoxktjv",1
"3027","httptcoxlqlvu",1
"3028","httptcoxlykeyeg",1
"3029","httptcoxoxojd",1
"3030","httptcoxqfsxi",1
"3031","httptcoxqkyi",1
"3032","httptcoxqpwovyj",1
"3033","httptcoxrqlqc",1
"3034","httptcoxswluvy",1
"3035","httptcoxunfu",1
"3036","httptcoxuoaek",1
"3037","httptcoxvrztfxk",1
"3038","httptcoxwkuffqw",1
"3039","httptcoxydho",1
"3040","httptcoyavken",1
"3041","httptcoyfajjug",1
"3042","httptcoyfcjqcp",1
"3043","httptcoygtjusj",1
"3044","httptcoyimaazy",1
"3045","httptcoyjkfnyg",1
"3046","httptcoyksmhhs",1
"3047","httptcoyluktx",1
"3048","httptcoypqummo",1
"3049","httptcoypujcf",1
"3050","httptcoyqftoahi",1
"3051","httptcoyqtijxg",1
"3052","httptcoyritqtfm",1
"3053","httptcoysjdkcc",1
"3054","httptcoyspexau",1
"3055","httptcoyvkxdpb",1
"3056","httptcoyvxzxdv",1
"3057","httptcoywuzgvd",1
"3058","httptcoyymzkw",1
"3059","httptcoyzdpxzw",1
"3060","httptcozankedv",1
"3061","httptcozawqyb",1
"3062","httptcozaxjzfu",1
"3063","httptcozbostgdf",1
"3064","httptcozdsdch",1
"3065","httptcozfahip",1
"3066","httptcozfsboc",1
"3067","httptcozfwkpiu",1
"3068","httptcozkczucb",1
"3069","httptcozkrakrcc",1
"3070","httptcozmccsnp",1
"3071","httptcozmhfzqy",1
"3072","httptcozmnitxj",1
"3073","httptcozpootyc",1
"3074","httptcozrxeka",1
"3075","httptcozuhudur",1
"3076","httptcozvckmo",1
"3077","httptcozzfzslg",1
"3078","httptcozzoljggj",1
"3079","hubby",1
"3080","hugs",1
"3081","humbletip",1
"3082","hussamouri",1
"3083","hyfr",1
"3084","iambigcherry",1
"3085","iammeelah",1
"3086","ichardson",1
"3087","ideal",1
"3088","idiots",1
"3089","ifollowback",1
"3090","igotplentymo",1
"3091","illegal",1
"3092","illwill",1
"3093","ilovechicken",1
"3094","iluvjmb",1
"3095","imaboutit",1
"3096","imhopper",1
"3097","imjustmeash",1
"3098","imlzzy",1
"3099","impone",1
"3100","important",1
"3101","importantly",1
"3102","impossible",1
"3103","improves",1
"3104","imthatrealmf",1
"3105","imvu",1
"3106","inc",1
"3107","include",1
"3108","includes",1
"3109","incluyendo",1
"3110","indeed",1
"3111","indefinitely",1
"3112","indian",1
"3113","indy",1
"3114","initial",1
"3115","inniz",1
"3116","inrichwetrust",1
"3117","insideofquis",1
"3118","insiderhttptcoherzuou",1
"3119","insight",1
"3120","instant",1
"3121","int",1
"3122","interest",1
"3123","interviews",1
"3124","ir„",1
"3125","irvin",1
"3126","isso",1
"3127","issued",1
"3128","it‚Äù",1
"3129","itsgunnabeacoldone",1
"3130","ivanzm",1
"3131","ive",1
"3132","iyamdave",1
"3133","jackreach",1
"3134","jackson",1
"3135","jacobproff",1
"3136","jaguars",1
"3137","jaimeemarshall",1
"3138","jaimiegraham",1
"3139","jakubowskimatt",1
"3140","jalenhendricks",1
"3141","jamaals",1
"3142","james",1
"3143","jamesbear",1
"3144","jarrettjack",1
"3145","jarvis",1
"3146","jarvisjenkins",1
"3147","jasek",1
"3148","jasonlacanfora",1
"3149","jasonwitten",1
"3150","jaussenheimer",1
"3151","jaxmom",1
"3152","jayicee",1
"3153","jayo",1
"3154","jballsr",1
"3155","jcanda",1
"3156","jcfigueroa",1
"3157","jduaxdjj",1
"3158","jeffmclane",1
"3159","jeffsorbello",1
"3160","jejeje",1
"3161","jelanijenkins",1
"3162","jenxperience",1
"3163","jerk",1
"3164","jerseys",1
"3165","jetlife",1
"3166","jhfabian",1
"3167","jholegario",1
"3168","jhub",1
"3169","jiggagstylz",1
"3170","jimmy",1
"3171","jjjjj",1
"3172","jkrusewicz",1
"3173","jmariedowns",1
"3174","jobs",1
"3175","joe",1
"3176","joefisher",1
"3177","joegigliosports",1
"3178","joemihevc",1
"3179","joetheshow",1
"3180","joewashington",1
"3181","joeyleall",1
"3182","john",1
"3183","johnclarknbc",1
"3184","johnshango",1
"3185","johnstonkelly",1
"3186","joke",1
"3187","jonathan",1
"3188","jonbones",1
"3189","jorgey",1
"3190","jose",1
"3191","josh",1
"3192","joshmorgan",1
"3193","jossie",1
"3194","jpanama",1
"3195","jravoli",1
"3196","jrehor",1
"3197","jrock",1
"3198","jroddddddddg",1
"3199","jrsbbq",1
"3200","jsamsoniite",1
"3201","jschmitt",1
"3202","juegos",1
"3203","juicydra",1
"3204","juscallmeace",1
"3205","jusscori",1
"3206","justinrasiul",1
"3207","justsayin",1
"3208","jut",1
"3209","kaderknight",1
"3210","kaepernick",1
"3211","kaiforbath",1
"3212","kan",1
"3213","kap",1
"3214","kavnerdc",1
"3215","kay",1
"3216","kdaywins",1
"3217","kedsmith",1
"3218","kendallkontana",1
"3219","kenfb",1
"3220","kept",1
"3221","kerrigan",1
"3222","ket",1
"3223","kevin",1
"3224","keving",1
"3225","kevins",1
"3226","kevinwyne",1
"3227","keyman",1
"3228","keywords",1
"3229","kffl",1
"3230","kiakam",1
"3231","kicks",1
"3232","kickstandclt",1
"3233","kiddvic",1
"3234","killed",1
"3235","kind",1
"3236","kingjaloopi",1
"3237","kirraspray",1
"3238","kitaskinsbaby",1
"3239","kittysoxrated",1
"3240","kiyourheart",1
"3241","knockout",1
"3242","knomeizluvme",1
"3243","knows",1
"3244","kotiekimble",1
"3245","krzcntr",1
"3246","ktmllns",1
"3247","ladies",1
"3248","lagloriacubano",1
"3249","landover",1
"3250","lang",1
"3251","lanza",1
"3252","laptop",1
"3253","laredo",1
"3254","large",1
"3255","las",1
"3256","lately",1
"3257","later",1
"3258","lateral",1
"3259","latoyasilmon",1
"3260","laug",1
"3261","laugh‚Ä",1
"3262","laurencewholmes",1
"3263","laurenshehadi",1
"3264","lavitatuff",1
"3265","lazy",1
"3266","lbsports",1
"3267","lburna",1
"3268","lck",1
"3269","leaguewide",1
"3270","leaning",1
"3271","leannegrant",1
"3272","leave",1
"3273","lee",1
"3274","leekindell",1
"3275","left",1
"3276","legend",1
"3277","leggo",1
"3278","legitimate",1
"3279","lego",1
"3280","lennycccp",1
"3281","lessons",1
"3282","letsgoskins",1
"3283","level",1
"3284","liberty",1
"3285","licking",1
"3286","lifeasbros",1
"3287","lift",1
"3288","light",1
"3289","liking",1
"3290","lilcoreytrill",1
"3291","limits",1
"3292","lindsers",1
"3293","lindseygregor",1
"3294","lineplayoffs",1
"3295","linerb",1
"3296","lines",1
"3297","lineup",1
"3298","lips",1
"3299","liquor",1
"3300","listed",1
"3301","listen",1
"3302","listening",1
"3303","lleva",1
"3304","llleeeeegggggoooooo",1
"3305","lmaaaooo",1
"3306","lmacandcheese",1
"3307","lmao",1
"3308","load",1
"3309","logoart",1
"3310","lol‚Äù",1
"3311","lolol",1
"3312","lolrt",1
"3313","lolthats",1
"3314","loneriderbeer",1
"3315","longer",1
"3316","looked",1
"3317","loose",1
"3318","loserspool",1
"3319","lossprobably",1
"3320","lotsoflog",1
"3321","louidy",1
"3322","loved",1
"3323","lovely",1
"3324","loveprevention",1
"3325","loves",1
"3326","lowest",1
"3327","loyalfan",1
"3328","loyallife",1
"3329","luckrgiiirwilson",1
"3330","luckstrong",1
"3331","lvps",1
"3332","lynch",1
"3333","mackb",1
"3334","maclin",1
"3335","main",1
"3336","maker",1
"3337","maker‚Äù",1
"3338","makers",1
"3339","manager",1
"3340","maniovamatter",1
"3341","mann",1
"3342","mannyppi",1
"3343","manofsteelvi",1
"3344","mansion",1
"3345","manuelsalmeida",1
"3346","marca",1
"3347","marcelbrown",1
"3348","marching",1
"3349","marchwithme",1
"3350","mariahchloe",1
"3351","mariasansone",1
"3352","marked",1
"3353","marketing",1
"3354","markkriegel",1
"3355","markthecab",1
"3356","marrsrule",1
"3357","martin",1
"3358","masacrar",1
"3359","maskedtweeterx",1
"3360","mate",1
"3361","mauer",1
"3362","mauricebenardmb",1
"3363","mbcdreamchaser",1
"3364","mccoy",1
"3365","mcghee",1
"3366","mcl",1
"3367","mclean",1
"3368","mcroc",1
"3369","mdvahooper",1
"3370","meal",1
"3371","meanwhile",1
"3372","meat",1
"3373","meet",1
"3374","melanie",1
"3375","meltdown",1
"3376","mer",1
"3377","merch‚Äù",1
"3378","mercury",1
"3379","merrilhoge",1
"3380","mesm„ssimo",1
"3381","metrorail",1
"3382","mets",1
"3383","mfab",1
"3384","mforrestsr",1
"3385","micheal",1
"3386","michelleisawolf",1
"3387","middle",1
"3388","midnite",1
"3389","mightycraigster",1
"3390","mike",1
"3391","mikeandmike",1
"3392","mikecornejo",1
"3393","mikeinns",1
"3394","mikejoneswapo",1
"3395","milesaustiniii",1
"3396","millanovillano",1
"3397","milney",1
"3398","mine",1
"3399","minutes",1
"3400","miracle",1
"3401","miracles",1
"3402","mis",1
"3403","miss",1
"3404","missblashea",1
"3405","missing",1
"3406","misstequila",1
"3407","mister",1
"3408","mito",1
"3409","mocking",1
"3410","modelny",1
"3411","mollyqerim",1
"3412","mom",1
"3413","momentum",1
"3414","moneytone",1
"3415","monitor",1
"3416","month",1
"3417","morningmoneyben",1
"3418","morristh",1
"3419","mortalblade",1
"3420","mortreportea",1
"3421","mostly",1
"3422","mother",1
"3423","mouth",1
"3424","movio",1
"3425","mrdredlocks",1
"3426","mri",1
"3427","mrlujan",1
"3428","mrsportstake",1
"3429","mrsslate",1
"3430","msanders",1
"3431","msellevictoria",1
"3432","mshawnpage",1
"3433","msteng",1
"3434","mvps",1
"3435","nab",1
"3436","nails",1
"3437","named",1
"3438","nameless",1
"3439","n„o",1
"3440","nasty",1
"3441","nathanfenno",1
"3442","native",1
"3443","natl",1
"3444","natsncraftbeer",1
"3445","nature",1
"3446","nba",1
"3447","nbaraptorsfans",1
"3448","nbcaaron",1
"3449","nbcpm",1
"3450","ncoleycole",1
"3451","ncrypter",1
"3452","ndhalf",1
"3453","near",1
"3454","necesitan",1
"3455","needa",1
"3456","needed",1
"3457","negotiation",1
"3458","neighborhood",1
"3459","neilreynoldsnfl",1
"3460","neither",1
"3461","nemesis",1
"3462","nepotu",1
"3463","nervewrecking",1
"3464","nervous",1
"3465","nervousscaredexcited",1
"3466","newarkstarledger",1
"3467","neweracaps",1
"3468","newschoolss",1
"3469","newton",1
"3470","newvalleyblues",1
"3471","newyscruggs",1
"3472","nextmanupsportscenter",1
"3473","nfccg",1
"3474","nfce",1
"3475","nfcs",1
"3476","nfcsouth",1
"3477","nflam",1
"3478","nflboobies",1
"3479","nflcheerrt",1
"3480","nflcom",1
"3481","nflcowboysclub",1
"3482","nfldeboteco",1
"3483","nflnfc",1
"3484","nflplayoffs",1
"3485","nflrankings",1
"3486","nflredskins",1
"3487","nflstephen",1
"3488","nicogoffredo",1
"3489","nlacourse",1
"3490","noche",1
"3491","noellecc",1
"3492","noisehttr",1
"3493","non",1
"3494","nonredskins",1
"3495","nonsense",1
"3496","noreaga",1
"3497","northern",1
"3498","northwest",1
"3499","nosaintsworld",1
"3500","noseaa",1
"3501","notch",1
"3502","note",1
"3503","notes",1
"3504","notfollowed",1
"3505","nothin",1
"3506","nothkg",1
"3507","noticed",1
"3508","notredamefightingirish",1
"3509","nowˇò",1
"3510","nowfollowing",1
"3511","nshev",1
"3512","nueva",1
"3513","nut",1
"3514","nybest",1
"3515","oan",1
"3516","obama",1
"3517","occur",1
"3518","och",1
"3519","ochocinco",1
"3520","oclock",1
"3521","officially",1
"3522","offs",1
"3523","ohhh",1
"3524","oline",1
"3525","onecrazyd",1
"3526","onlycents",1
"3527","oomf",1
"3528","ooo",1
"3529","ooohwee",1
"3530","opener",1
"3531","openly",1
"3532","operating",1
"3533","operationbeatskinsmakeplayoffs",1
"3534","opinion",1
"3535","orcino",1
"3536","original",1
"3537","ornament",1
"3538","oroy",1
"3539","others",1
"3540","otisjenkins",1
"3541","oufff",1
"3542","outgoings",1
"3543","outkast",1
"3544","outlaw",1
"3545","outnumbered",1
"3546","outsideboxscore",1
"3547","overall",1
"3548","overhyped",1
"3549","overly",1
"3550","ovviamente",1
"3551","owe",1
"3552","owned",1
"3553","oyb",1
"3554","pabloviruega",1
"3555","pacific",1
"3556","packages",1
"3557","paint",1
"3558","pair",1
"3559","pangea",1
"3560","parker",1
"3561","parking",1
"3562","parrot",1
"3563","partido",1
"3564","pase",1
"3565","passado",1
"3566","passar",1
"3567","passers",1
"3568","pats",1
"3569","patzocaval",1
"3570","paullicini",1
"3571","payback",1
"3572","payday",1
"3573","pdotcashave",1
"3574","pdotson",1
"3575","peak",1
"3576","peanuts",1
"3577","pelos",1
"3578","percent",1
"3579","perdem",1
"3580","pero",1
"3581","pertaining",1
"3582","pff",1
"3583","pffneil",1
"3584","pgi",1
"3585","pgpackersnews",1
"3586","phatstacks",1
"3587","phi",1
"3588","phil",1
"3589","philheron",1
"3590","phillipdaniels",1
"3591","philly‚úÖcowgirl",1
"3592","phillyeagles",1
"3593","photography",1
"3594","physical",1
"3595","pianniwheels",1
"3596","pickin",1
"3597","pics",1
"3598","picslip",1
"3599","pictu",1
"3600","piece",1
"3601","pieceset",1
"3602","piffysplack",1
"3603","pitchforks",1
"3604","pittsburg",1
"3605","pity",1
"3606","pjtucker",1
"3607","pla",1
"3608","pl„àeeeee„àeeeeeeease",1
"3609","placed",1
"3610","plaoff",1
"3611","playbook",1
"3612","playoffs‚Äù",1
"3613","pleased",1
"3614","plot",1
"3615","plush",1
"3616","pntdreamss",1
"3617","podcast",1
"3618","pointspread",1
"3619","ponder",1
"3620","pool",1
"3621","poorly",1
"3622","popular",1
"3623","por",1
"3624","positions",1
"3625","possably",1
"3626","possession",1
"3627","posted",1
"3628","postemporada",1
"3629","postseason",1
"3630","pr„ximo",1
"3631","predictionswinner",1
"3632","predicts",1
"3633","preferably",1
"3634","pregame",1
"3635","premier",1
"3636","prep",1
"3637","prepared",1
"3638","preparetolose",1
"3639","presence",1
"3640","pressre",1
"3641","prettybyrdie",1
"3642","prevail",1
"3643","pri",1
"3644","pricklygirl",1
"3645","princesimeon",1
"3646","prize",1
"3647","pro",1
"3648","probablecuster",1
"3649","products",1
"3650","professional",1
"3651","project",1
"3652","promessas",1
"3653","promote",1
"3654","proudest",1
"3655","proved",1
"3656","proven",1
"3657","prox",1
"3658","pstsports",1
"3659","pukes",1
"3660","puking",1
"3661","pumping‚Äteeth",1
"3662","qbr",1
"3663","quail",1
"3664","quakereports",1
"3665","quantcoach",1
"3666","quaterback",1
"3667","questioned",1
"3668","quick",1
"3669","quickness",1
"3670","quincyvol",1
"3671","quinnrymer",1
"3672","race",1
"3673","racism",1
"3674","raheem",1
"3675","raiders",1
"3676","rail",1
"3677","ralphloraan",1
"3678","ramifications",1
"3679","rank",1
"3680","rankings",1
"3681","rap",1
"3682","rashardnamuh",1
"3683","ratings",1
"3684","ratio",1
"3685","ravensbuzztap",1
"3686","ravensnation",1
"3687","rawwty",1
"3688","raymccanna",1
"3689","raysivley",1
"3690","rdragonne",1
"3691","react",1
"3692","realign",1
"3693","reality",1
"3694","realkc",1
"3695","reasons",1
"3696","rebelliousred",1
"3697","receive",1
"3698","receiver",1
"3699","recepciones",1
"3700","reception",1
"3701","recordholder",1
"3702","recovery",1
"3703","redcarpetcrash",1
"3704","redemption",1
"3705","redic",1
"3706","redskindisciple",1
"3707","redskingirl",1
"3708","redskins‚Ä",1
"3709","redskins‚ùˇíõ‚ùˇíõ‚ù",1
"3710","redskinsajb",1
"3711","redskinsbroncos",1
"3712","redskinscom",1
"3713","redskinscow",1
"3714","redskinsˇíõ‚ù",1
"3715","redskinseagles",1
"3716","redskinsevil",1
"3717","redskinslakers",1
"3718","redskinsmp",1
"3719","redskinsnat",1
"3720","redskinsplus",1
"3721","redskinsreal",1
"3722","redskinsrich",1
"3723","redskinsse",1
"3724","redskinsseahawks",1
"3725","redskinsyeah",1
"3726","redskintalk",1
"3727","redskyn",1
"3728","reebok",1
"3729","reezyrellexd",1
"3730","reference",1
"3731","refuse",1
"3732","reggieregsw",1
"3733","related",1
"3734","release",1
"3735","relegated",1
"3736","relevance",1
"3737","relevant",1
"3738","relief",1
"3739","relieffootball",1
"3740","rely",1
"3741","remain",1
"3742","remains",1
"3743","remembered",1
"3744","removing",1
"3745","rep",1
"3746","replies‚Äú",1
"3747","reported",1
"3748","reporting",1
"3749","represtin",1
"3750","rescheduled",1
"3751","responded",1
"3752","resultados",1
"3753","results",1
"3754","retool",1
"3755","retorna",1
"3756","return",1
"3757","returned",1
"3758","reward",1
"3759","rewatching",1
"3760","rewind",1
"3761","rfk",1
"3762","rg‚Äù",1
"3763","rgbandwagon",1
"3764","rgflacco",1
"3765","rgiiiand",1
"3766","rgiiis",1
"3767","rgsmh",1
"3768","rhodes",1
"3769","rhonaacocacola",1
"3770","ricanbombshell",1
"3771","ricardomarcusk",1
"3772","rice",1
"3773","richardpiles",1
"3774","richardson",1
"3775","richcrawford",1
"3776","riddell",1
"3777","riddled",1
"3778","ridiculous‚",1
"3779","riggo",1
"3780","risk",1
"3781","rite",1
"3782","rival",1
"3783","rivales",1
"3784","rjchoppy",1
"3785","rmkstudios",1
"3786","robcarlincsn",1
"3787","robcarpenter",1
"3788","robertfontana",1
"3789","rocfranchisetse",1
"3790","rock",1
"3791","rockin",1
"3792","rockon",1
"3793","rod",1
"3794","roethlisberger‚Äôs",1
"3795","rogunnz",1
"3796","romok",1
"3797","romps",1
"3798","ronis",1
"3799","roobcsn",1
"3800","rookieoftheyear",1
"3801","rookieqb",1
"3802","rookies",1
"3803","roserocks",1
"3804","rosesandcyanide",1
"3805","rossstafarian",1
"3806","rosstuckerea",1
"3807","roto",1
"3808","rounded",1
"3809","route",1
"3810","royster",1
"3811","roywatch",1
"3812","rted",1
"3813","rules",1
"3814","runde",1
"3815","runoff",1
"3816","russel",1
"3817","russelwilson",1
"3818","ryan",1
"3819","ryanclark",1
"3820","ryanfatula",1
"3821","ryanponder",1
"3822","ryanriddle",1
"3823","ryans",1
"3824","rykket",1
"3825","safety",1
"3826","saintsfanzone",1
"3827","sale",1
"3828","sall",1
"3829","sallyjenx",1
"3830","s„lo",1
"3831","salute",1
"3832","sandy",1
"3833","santanas",1
"3834","save",1
"3835","saved",1
"3836","saw",1
"3837","scariest",1
"3838","scenario",1
"3839","scheduled",1
"3840","schmedskins",1
"3841","schould",1
"3842","scooped",1
"3843","scoopscore",1
"3844","score",1
"3845","scorebi",1
"3846","scotterotoex",1
"3847","screaming",1
"3848","screammmmmming",1
"3849","sea‚Äù",1
"3850","seahawknation",1
"3851","seahawksers",1
"3852","seahawksredskins",1
"3853","seanfdaily",1
"3854","seat",1
"3855","seattletacoma",1
"3856","secuelas",1
"3857","seed‚Äù",1
"3858","seeds",1
"3859","seem",1
"3860","seize",1
"3861","semana",1
"3862","send",1
"3863","sentenceglad",1
"3864","sera",1
"3865","ser„",1
"3866","serious",1
"3867","service",1
"3868","settled",1
"3869","seus",1
"3870","shaddupp",1
"3871","shake",1
"3872","shame",1
"3873","shan",1
"3874","shanahanpaganoarians",1
"3875","shanahans",1
"3876","shanehelmscom",1
"3877","shanelangan",1
"3878","shanethrailkil",1
"3879","shango",1
"3880","shawns",1
"3881","shiftysbs",1
"3882","shine",1
"3883","shirt",1
"3884","shocked",1
"3885","shop",1
"3886","shorthanded",1
"3887","shot",1
"3888","shrugs",1
"3889","shyt",1
"3890","sidebar",1
"3891","sideline",1
"3892","sidelines",1
"3893","sidste",1
"3894","sigh",1
"3895","sigmundbloom",1
"3896","sign",1
"3897","simonesince",1
"3898","simplytheebestt",1
"3899","sinclairalex",1
"3900","sine",1
"3901","sipeterking",1
"3902","sipping",1
"3903","sis",1
"3904","sit",1
"3905","site",1
"3906","sitting",1
"3907","situation",1
"3908","size",1
"3909","skinscowboys",1
"3910","skinscowpies",1
"3911","skinseagles",1
"3912","skinsgoldpants",1
"3913","skinsjoe",1
"3914","skinssss",1
"3915","skinz",1
"3916","skiphowudodat",1
"3917","skippy",1
"3918","skipwhoooo",1
"3919","slate",1
"3920","slideshow",1
"3921","slimchances",1
"3922","slowing",1
"3923","slowly",1
"3924","smacked",1
"3925","smash",1
"3926","smashes",1
"3927","smerk",1
"3928","smiling",1
"3929","smoke",1
"3930","smug",1
"3931","smurfrenee",1
"3932","snapbacksirock",1
"3933","snf‚Äù",1
"3934","snider",1
"3935","snooki",1
"3936","snoring",1
"3937","snow",1
"3938","snowman",1
"3939","snyder",1
"3940","snydergun",1
"3941","soawesome",1
"3942","sobre",1
"3943","socialmedia",1
"3944","socialmediarocs",1
"3945","soexcited",1
"3946","soft",1
"3947","sole",1
"3948","solid",1
"3949","somebody",1
"3950","songz",1
"3951","soofargonee",1
"3952","sooo",1
"3953","soooo",1
"3954","sounding",1
"3955","south",1
"3956","southcarolina",1
"3957","specialevent",1
"3958","specialjohn",1
"3959","spectacular",1
"3960","speech",1
"3961","speedo",1
"3962","spell",1
"3963","spells",1
"3964","sportcenter",1
"3965","sporting",1
"3966","sportselect",1
"3967","sportsillustrated",1
"3968","sportsnation",1
"3969","sportsroadhouse",1
"3970","sportsxchange",1
"3971","sposta",1
"3972","spotlightnow",1
"3973","squiffy",1
"3974","ssgtflo",1
"3975","stadium",1
"3976","stage",1
"3977","star",1
"3978","stare",1
"3979","starfish",1
"3980","starring",1
"3981","stat",1
"3982","state",1
"3983","statement",1
"3984","states",1
"3985","stdeano",1
"3986","stdn",1
"3987","steakhouse",1
"3988","steelergiants",1
"3989","steelers‚Äô",1
"3990","steelthistweet",1
"3991","stephenasmith",1
"3992","stepped",1
"3993","stepping",1
"3994","steps",1
"3995","sterlingmoore",1
"3996","steven",1
"3997","stevenphibbons",1
"3998","stevensjonah",1
"3999","steveolenski",1
"4000","steves",1
"4001","stfu",1
"4002","stickers",1
"4003","sticks",1
"4004","stillachance",1
"4005","stlouiswashington",1
"4006","stole",1
"4007","stops",1
"4008","stplace",1
"4009","straighthttr",1
"4010","strategy",1
"4011","streetcongrats",1
"4012","stroll",1
"4013","struggledorf",1
"4014","stubhub",1
"4015","stud",1
"4016","studio",1
"4017","stuntinnyu",1
"4018","success",1
"4019","sucked",1
"4020","suckk",1
"4021","suckmipumpum",1
"4022","suckstosuck",1
"4023","suddenly",1
"4024","suedemoccasins",1
"4025","sum",1
"4026","sunday‚Äù",1
"4027","sundaynightfootball",1
"4028","sundayoh",1
"4029","suns",1
"4030","superior",1
"4031","superman",1
"4032","supersouker",1
"4033","superstitious",1
"4034","supervisors",1
"4035","supporter",1
"4036","supposed",1
"4037","surprise",1
"4038","surya",1
"4039","suspends",1
"4040","sussed",1
"4041","sustain",1
"4042","sustains",1
"4043","swagthekingsr",1
"4044","sweater",1
"4045","sweep",1
"4046","swimming",1
"4047","sword",1
"4048","table",1
"4049","tacklers",1
"4050","tackles",1
"4051","tank",1
"4052","tanny",1
"4053","tantalizing",1
"4054","tao",1
"4055","tarikcsn",1
"4056","taters",1
"4057","tattedjack",1
"4058","taylor",1
"4059","tayprosays",1
"4060","tdint",1
"4061","teamcowboys",1
"4062","teamgiants",1
"4063","teammates",1
"4064","teamredskinsstay",1
"4065","teamskins",1
"4066","teamtexansteamredsins",1
"4067","technically",1
"4068","teeth",1
"4069","telegram",1
"4070","temos",1
"4071","tendr„",1
"4072","tenemos",1
"4073","tengoswag",1
"4074","termed",1
"4075","terry",1
"4076","tevindsmoove",1
"4077","tex",1
"4078","texansfalconsbroncos",1
"4079","thaadvocate",1
"4080","thadonwon",1
"4081","thagrblonde",1
"4082","thandpain",1
"4083","thankful",1
"4084","thatmandime",1
"4085","thatogbrii",1
"4086","thatssoraven",1
"4087","thatsucks",1
"4088","theantim",1
"4089","thechezziadamt",1
"4090","theherd",1
"4091","theoggreat",1
"4092","thepcreamer",1
"4093","there‚Äôs",1
"4094","therealdemarco",1
"4095","therealnr",1
"4096","therealtaraji",1
"4097","theredskins",1
"4098","theresebdc",1
"4099","thesandiestman",1
"4100","theshannonburke",1
"4101","thetrudet",1
"4102","thewaiverhounds",1
"4103","theymad",1
"4104","thinking",1
"4105","thman",1
"4106","tho‚Äù",1
"4107","thomasboswell",1
"4108","thomasxrated",1
"4109","thoo",1
"4110","thoughgoing",1
"4111","thr",1
"4112","threats",1
"4113","threw",1
"4114","throws",1
"4115","ths",1
"4116","tht",1
"4117","thts",1
"4118","thunderty",1
"4119","thursday",1
"4120","tiebreaker",1
"4121","tiebreakers",1
"4122","ties",1
"4123","tikidaisy",1
"4124","timmcmanus",1
"4125","tip",1
"4126","tired",1
"4127","titles",1
"4128","titorramos",1
"4129","tix",1
"4130","tjking",1
"4131","tkcottrell",1
"4132","tkennz",1
"4133","tmz",1
"4134","tobaccord",1
"4135","todayfuck",1
"4136","toddarcher",1
"4137","tommypascoe",1
"4138","tomzors",1
"4139","tonydungy",1
"4140","tonyromo",1
"4141","topic",1
"4142","topics",1
"4143","toppersweather",1
"4144","topps",1
"4145","tor„o",1
"4146","torches",1
"4147","torreysmithwr",1
"4148","toss",1
"4149","track",1
"4150","trackeaglesnews",1
"4151","trade",1
"4152","traditional",1
"4153","traerunz",1
"4154","tran",1
"4155","trapbasquiat",1
"4156","travisthrasher",1
"4157","treat",1
"4158","treble",1
"4159","trends",1
"4160","trent",1
"4161","trey",1
"4162","treydeuces",1
"4163","trich",1
"4164","trip",1
"4165","tripla",1
"4166","trippin",1
"4167","trippyswagg",1
"4168","trollurtimeline",1
"4169","troy",1
"4170","truckneild",1
"4171","truebluenation",1
"4172","trunigeriandiva",1
"4173","trynna",1
"4174","tuit",1
"4175","tuning",1
"4176","tuvo",1
"4177","tvultimate",1
"4178","twas",1
"4179","tweeting",1
"4180","twinmadden",1
"4181","twisted",1
"4182","twptweets",1
"4183","tylerhobbs",1
"4184","tylermfmusic",1
"4185","tzanow",1
"4186","ugh",1
"4187","ugly",1
"4188","ukcowboysfans",1
"4189","uma",1
"4190","unacceptable",1
"4191","unbeatable",1
"4192","underdogs",1
"4193","underrated",1
"4194","understand",1
"4195","unfold",1
"4196","uniforms",1
"4197","unimpressive",1
"4198","unis",1
"4199","united",1
"4200","unitsmerry",1
"4201","uniwatch‚Äù",1
"4202","unreal",1
"4203","unsung",1
"4204","updates",1
"4205","upon",1
"4206","upside",1
"4207","urban",1
"4208","urinating",1
"4209","urs",1
"4210","uses",1
"4211","ushers",1
"4212","usual",1
"4213","usually",1
"4214","vacation",1
"4215","vaga",1
"4216","valid",1
"4217","van",1
"4218","vbejar",1
"4219","vedr„",1
"4220","vegas",1
"4221","veja",1
"4222","vence",1
"4223","ventet",1
"4224","version",1
"4225","veteran",1
"4226","vez",1
"4227","vick",1
"4228","vickwow",1
"4229","victories",1
"4230","victorymonday",1
"4231","videos",1
"4232","vie",1
"4233","viene",1
"4234","viking",1
"4235","vikingsbears",1
"4236","visit",1
"4237","vivalacam",1
"4238","vmarchese",1
"4239","voando",1
"4240","voice",1
"4241","void",1
"4242","vornado",1
"4243","vorra",1
"4244","voy",1
"4245","waay",1
"4246","wager",1
"4247","waiting",1
"4248","wakeupearly",1
"4249","walked",1
"4250","wanting",1
"4251","war",1
"4252","ward",1
"4253","warm",1
"4254","warp",1
"4255","warrensapp",1
"4256","warriorheart",1
"4257","washingtondallas",1
"4258","washingtonr",1
"4259","waste",1
"4260","watchsoccer",1
"4261","wayne",1
"4262","weak",1
"4263","webster",1
"4264","west",1
"4265","westerns",1
"4266","westlondonblue",1
"4267","wgame",1
"4268","whaaaa",1
"4269","whaaaaaaaaaa",1
"4270","whatcha",1
"4271","whatever",1
"4272","whered",1
"4273","whichofyall",1
"4274","whistling",1
"4275","whit",1
"4276","whoa",1
"4277","whoever",1
"4278","whoops",1
"4279","whotf",1
"4280","wicked",1
"4281","wildcar",1
"4282","wildwill",1
"4283","wingoz",1
"4284","wining",1
"4285","winnertake",1
"4286","winnings",1
"4287","winorgohome",1
"4288","wisportsblog",1
"4289","within",1
"4290","wjtylud",1
"4291","wolfe",1
"4292","wonder",1
"4293","wonwoot",1
"4294","wood",1
"4295","woody",1
"4296","wooh",1
"4297","wooohoooo",1
"4298","woot",1
"4299","woow",1
"4300","wordplayydre",1
"4301","worked",1
"4302","works",1
"4303","worn",1
"4304","worried",1
"4305","worse",1
"4306","worst",1
"4307","worthwhile",1
"4308","wouldbesick",1
"4309","wreak",1
"4310","wreck",1
"4311","wrs",1
"4312","wshs",1
"4313","wsomeone",1
"4314","wtie",1
"4315","wyche",1
"4316","xav",1
"4317","xisthatnigga",1
"4318","xktjv",1
"4319","xotic",1
"4320","xpawprints",1
"4321","xpeyniss",1
"4322","xxxneicexxx",1
"4323","yaaaaay",1
"4324","yaheard",1
"4325","yanews",1
"4326","yardstalk",1
"4327","yasslinn",1
"4328","yayay",1
"4329","ydsatt",1
"4330","year‚Äù",1
"4331","yearˇò",1
"4332","yearsaway",1
"4333","yessirrr",1
"4334","yesterday‚",1
"4335","yesterdaywasperfect",1
"4336","yoooo",1
"4337","you‚Äôre",1
"4338","youready",1
"4339","youtube",1
"4340","yrobin",1
"4341","ysar",1
"4342","yupnext",1
"4343","zach",1
"4344","zachurner",1
"4345","zackerman",1
"4346","zam",1
"4347","zone",1
"4348","zoom„Äçfifty",1
"4349","zzzzz",1
